session_date,cluster_id,celltype
1072025,0,SPN
1072025,12,SPN
1072025,22,FSI
1072025,23,SPN
1072025,37,FSI
1072025,39,SPN
1072025,46,SPN
1072025,51,SPN
1072025,61,SPN
1072025,67,SPN
1072025,70,SPN
1072025,78,SPN
1072025,102,SPN
1072025,115,SPN
1072025,116,FSI
1072025,137,FSI
1072025,138,FSI
1072025,140,SPN
1072025,148,FSI
1072025,154,FSI
1072025,170,SPN
1072025,177,FSI
1072025,186,SPN
1072025,187,FSI
1072025,192,FSI
1072025,196,FSI
1072025,197,FSI
1072025,199,SPN
1072025,201,FSI
1072025,208,FSI
1072025,210,FSI
1072025,214,FSI
1072025,218,FSI
1072025,224,SPN
1072025,243,SPN
1072025,247,SPN
1072025,252,SPN
1072025,261,SPN
1072025,264,FSI
1072025,276,SPN
1072025,278,FSI
1072025,288,FSI
1072025,292,FSI
1072025,313,SPN
1072025,317,SPN
1072025,325,SPN
1072025,327,FSI
1072025,329,FSI
1072025,331,SPN
1072025,334,FSI
1072025,337,FSI
1072025,338,FSI
1072025,351,FSI
1072025,354,FSI
1072025,359,FSI
1072025,369,SPN
1072025,377,FSI
1072025,378,FSI
1072025,379,SPN
1072025,381,FSI
1072025,386,FSI
1072025,391,FSI
1072025,392,FSI
1072025,395,FSI
1072025,408,FSI
1072025,409,FSI
1072025,419,FSI
1072025,449,FSI
1072025,452,FSI
1072025,459,FSI
1072025,462,FSI
1072025,463,FSI
1072025,467,FSI
1072025,469,FSI
1072025,474,FSI
1072025,481,FSI
1072025,482,FSI
1072025,483,FSI
1072025,486,FSI
1072025,488,FSI
1072025,490,FSI
1072025,492,SPN
1072025,502,SPN
1072025,505,SPN
1072025,517,SPN
1072025,522,SPN
1072025,534,SPN
1072025,540,FSI
1072025,541,SPN
1072025,542,FSI
1072025,544,FSI
1072025,545,FSI
1072025,550,FSI
1072025,551,FSI
1072025,552,FSI
1072025,553,FSI
1072025,555,FSI
1072025,577,FSI
1072025,580,FSI
1072025,584,FSI
1072025,586,FSI
1072025,593,FSI
1072025,596,FSI
1072025,598,SPN
1072025,599,FSI
1072025,604,SPN
1072025,607,FSI
1072025,609,SPN
1092025,4,FSI
1092025,8,FSI
1092025,12,FSI
1092025,17,FSI
1092025,20,FSI
1092025,21,SPN
1092025,35,FSI
1092025,44,FSI
1092025,49,SPN
1092025,50,FSI
1092025,51,FSI
1092025,54,FSI
1092025,64,FSI
1092025,67,FSI
1092025,69,FSI
1092025,72,SPN
1092025,73,FSI
1092025,78,FSI
1092025,79,FSI
1092025,82,SPN
1092025,84,FSI
1092025,88,FSI
1092025,126,FSI
1092025,133,FSI
1092025,145,FSI
1092025,165,FSI
1092025,173,FSI
1092025,188,FSI
1092025,198,SPN
1092025,199,FSI
1092025,203,SPN
1092025,206,FSI
1092025,213,FSI
1092025,216,FSI
1092025,217,FSI
1092025,221,SPN
1092025,223,FSI
1092025,225,FSI
1092025,226,FSI
1092025,230,FSI
1092025,234,FSI
1092025,246,FSI
1092025,247,FSI
1092025,248,FSI
1092025,252,FSI
1092025,253,FSI
1092025,259,FSI
1092025,262,FSI
1092025,278,FSI
1092025,280,FSI
1092025,287,FSI
1092025,288,FSI
1092025,290,FSI
1092025,291,FSI
1092025,296,FSI
1092025,299,FSI
1092025,300,FSI
1092025,301,FSI
1092025,302,FSI
1092025,304,FSI
1092025,305,FSI
1092025,306,FSI
1092025,314,SPN
1092025,315,FSI
1092025,317,FSI
1092025,324,FSI
1092025,325,FSI
1092025,326,FSI
1092025,327,FSI
1092025,330,FSI
1092025,334,FSI
1092025,336,FSI
1092025,339,FSI
1092025,342,FSI
1092025,344,FSI
1092025,345,FSI
1092025,349,FSI
1092025,350,FSI
1092025,351,FSI
1092025,353,FSI
1092025,355,FSI
1092025,359,FSI
1092025,360,FSI
1092025,362,FSI
1092025,368,FSI
1092025,371,FSI
1092025,372,FSI
1092025,379,FSI
1092025,380,FSI
1092025,387,FSI
1092025,389,FSI
1092025,390,SPN
1092025,396,FSI
1092025,397,FSI
1092025,398,FSI
1092025,404,FSI
1092025,408,FSI
1092025,409,FSI
1092025,410,FSI
1092025,412,FSI
1092025,414,FSI
1092025,415,SPN
1092025,417,FSI
1092025,430,SPN
1092025,432,SPN
1092025,436,SPN
1092025,448,FSI
1092025,449,SPN
2072025,2,SPN
2072025,5,SPN
2072025,9,SPN
2072025,15,FSI
2072025,21,SPN
2072025,31,FSI
2072025,35,SPN
2072025,39,SPN
2072025,43,SPN
2072025,51,SPN
2072025,52,FSI
2072025,56,FSI
2072025,61,SPN
2072025,63,FSI
2072025,81,SPN
2072025,90,FSI
2072025,100,SPN
2072025,107,FSI
2072025,111,SPN
2072025,115,FSI
2072025,121,FSI
2072025,125,FSI
2072025,127,SPN
2072025,128,SPN
2072025,132,FSI
2072025,134,SPN
2072025,135,FSI
2072025,136,SPN
2072025,150,SPN
2072025,151,SPN
2072025,155,FSI
2072025,161,FSI
2072025,162,SPN
2072025,163,SPN
2072025,166,SPN
2072025,174,FSI
2072025,176,FSI
2072025,179,SPN
2072025,186,FSI
2072025,189,SPN
2072025,204,SPN
2072025,207,SPN
2072025,209,FSI
2072025,210,SPN
2072025,211,SPN
2072025,212,FSI
2072025,213,SPN
2072025,221,FSI
2072025,230,SPN
2072025,232,FSI
2072025,238,FSI
2072025,239,FSI
2072025,240,FSI
2072025,242,FSI
2072025,246,FSI
2072025,248,FSI
2072025,249,FSI
2072025,256,SPN
2072025,261,FSI
2072025,262,FSI
2072025,265,SPN
2072025,266,SPN
2072025,267,SPN
2072025,269,FSI
2072025,275,SPN
2072025,276,FSI
2072025,277,FSI
2072025,278,SPN
2072025,279,FSI
2072025,281,FSI
2072025,285,FSI
2072025,286,FSI
2072025,289,FSI
2072025,297,FSI
2072025,298,SPN
2072025,299,FSI
2072025,302,FSI
2072025,310,FSI
2072025,319,FSI
2072025,330,SPN
2072025,346,FSI
2072025,347,FSI
2072025,366,FSI
2072025,385,SPN
2072025,391,FSI
2072025,396,SPN
2072025,400,FSI
2072025,406,FSI
2072025,410,FSI
2072025,413,FSI
2072025,414,FSI
2072025,418,SPN
2072025,419,SPN
2072025,424,FSI
2072025,429,FSI
2072025,430,FSI
2072025,438,SPN
2072025,452,SPN
2072025,454,SPN
2072025,458,SPN
2072025,473,SPN
2072025,475,SPN
2072025,477,SPN
2072025,486,SPN
2072025,488,SPN
2072025,489,SPN
2072025,492,FSI
2072025,493,FSI
2072025,495,FSI
2072025,496,SPN
2072025,498,FSI
2072025,499,FSI
2072025,501,FSI
2072025,502,FSI
2072025,503,FSI
2072025,505,FSI
2072025,526,FSI
2072025,530,FSI
2072025,532,FSI
2072025,533,FSI
2072025,540,FSI
2072025,542,FSI
2072025,546,FSI
2072025,549,FSI
2072025,554,SPN
2072025,557,FSI
2072025,561,SPN
2072025,563,SPN
2072025,568,FSI
2072025,570,SPN
2072025,571,SPN
2072025,573,FSI
2072025,576,FSI
2072025,581,FSI
2092025,0,FSI
2092025,6,FSI
2092025,7,FSI
2092025,16,FSI
2092025,17,FSI
2092025,18,FSI
2092025,19,SPN
2092025,51,FSI
2092025,53,FSI
2092025,58,FSI
2092025,65,SPN
2092025,69,FSI
2092025,72,FSI
2092025,75,FSI
2092025,82,FSI
2092025,83,SPN
2092025,90,FSI
2092025,100,FSI
2092025,103,FSI
2092025,110,SPN
2092025,120,FSI
2092025,121,FSI
2092025,133,FSI
2092025,142,FSI
2092025,149,FSI
2092025,150,FSI
2092025,152,FSI
2092025,164,FSI
2092025,166,FSI
2092025,167,FSI
2092025,173,FSI
2092025,177,FSI
2092025,179,FSI
2092025,187,FSI
2092025,195,FSI
2092025,210,FSI
2092025,213,SPN
2092025,217,FSI
2092025,221,SPN
2092025,224,FSI
2092025,232,FSI
2092025,234,SPN
2092025,241,FSI
2092025,242,FSI
2092025,246,FSI
2092025,248,FSI
2092025,249,FSI
2092025,251,FSI
2092025,252,FSI
2092025,258,FSI
2092025,261,FSI
2092025,262,FSI
2092025,263,FSI
2092025,269,SPN
2092025,270,FSI
2092025,271,FSI
2092025,284,FSI
2092025,287,FSI
2092025,292,SPN
2092025,295,FSI
2092025,299,FSI
2092025,301,FSI
2092025,311,SPN
2092025,315,FSI
2092025,318,FSI
2092025,319,FSI
2092025,320,FSI
2092025,321,FSI
2092025,322,SPN
2092025,323,FSI
2092025,325,FSI
2092025,331,FSI
2092025,332,FSI
2092025,334,FSI
2092025,342,FSI
2092025,348,SPN
2092025,349,FSI
2092025,353,FSI
2092025,355,FSI
2092025,356,FSI
2092025,357,FSI
2092025,358,FSI
2092025,359,FSI
2092025,361,FSI
2092025,364,FSI
2092025,366,FSI
2092025,369,FSI
2092025,371,FSI
2092025,372,FSI
2092025,376,FSI
2092025,377,FSI
2092025,379,SPN
2092025,381,FSI
2092025,383,FSI
2092025,389,FSI
2092025,393,FSI
2092025,394,FSI
2092025,395,FSI
2092025,397,FSI
2092025,398,FSI
2092025,400,FSI
2092025,402,FSI
2092025,405,FSI
2092025,407,FSI
2092025,411,FSI
2092025,417,FSI
2092025,418,FSI
2092025,421,FSI
2092025,422,FSI
2092025,443,SPN
2092025,445,SPN
2092025,447,FSI
2092025,450,FSI
2092025,451,FSI
2092025,454,FSI
2092025,456,FSI
2092025,457,SPN
2092025,458,FSI
2092025,459,FSI
3072025,0,SPN
3072025,2,SPN
3072025,12,SPN
3072025,16,SPN
3072025,20,FSI
3072025,32,SPN
3072025,33,FSI
3072025,34,SPN
3072025,42,SPN
3072025,44,FSI
3072025,45,FSI
3072025,47,SPN
3072025,48,SPN
3072025,49,SPN
3072025,51,FSI
3072025,52,FSI
3072025,53,FSI
3072025,55,SPN
3072025,56,FSI
3072025,57,FSI
3072025,69,SPN
3072025,74,FSI
3072025,88,FSI
3072025,89,FSI
3072025,90,SPN
3072025,92,FSI
3072025,96,SPN
3072025,104,FSI
3072025,107,SPN
3072025,110,SPN
3072025,114,SPN
3072025,120,FSI
3072025,124,SPN
3072025,126,SPN
3072025,140,FSI
3072025,141,FSI
3072025,143,FSI
3072025,144,SPN
3072025,152,FSI
3072025,162,SPN
3072025,183,SPN
3072025,185,FSI
3072025,186,FSI
3072025,187,FSI
3072025,191,FSI
3072025,192,FSI
3072025,195,SPN
3072025,197,FSI
3072025,199,FSI
3072025,201,FSI
3072025,202,FSI
3072025,210,SPN
3072025,234,FSI
3072025,235,SPN
3072025,237,FSI
3072025,238,FSI
3072025,245,SPN
3072025,253,FSI
3072025,254,SPN
3072025,258,FSI
3072025,261,FSI
3072025,262,FSI
3072025,271,SPN
3072025,274,FSI
3072025,276,FSI
3072025,277,SPN
3072025,279,SPN
3072025,280,FSI
3072025,281,SPN
3072025,282,SPN
3072025,283,FSI
3072025,289,FSI
3072025,290,FSI
3072025,292,SPN
3072025,294,FSI
3072025,295,SPN
3072025,297,FSI
3072025,300,FSI
3072025,303,FSI
3072025,304,FSI
3072025,308,FSI
3072025,310,FSI
3072025,312,FSI
3072025,313,FSI
3072025,317,FSI
3072025,320,FSI
3072025,323,FSI
3072025,328,SPN
3072025,329,FSI
3072025,331,FSI
3072025,332,FSI
3072025,333,FSI
3072025,335,FSI
3072025,337,FSI
3072025,338,SPN
3072025,340,SPN
3072025,345,FSI
3072025,348,FSI
3072025,363,FSI
3072025,366,FSI
3072025,369,SPN
3072025,370,SPN
3072025,373,FSI
3072025,374,SPN
3072025,377,FSI
3072025,378,FSI
3072025,380,FSI
3072025,397,FSI
3072025,400,FSI
3072025,417,FSI
3072025,419,FSI
3072025,422,FSI
3072025,424,FSI
3072025,425,FSI
3072025,428,FSI
3072025,431,SPN
3072025,432,FSI
3072025,434,FSI
3072025,435,FSI
3072025,437,FSI
3072025,441,FSI
3072025,444,FSI
3072025,445,FSI
3072025,447,FSI
3072025,448,FSI
3072025,449,SPN
3072025,451,FSI
3072025,453,FSI
3072025,454,FSI
3072025,455,SPN
3072025,457,FSI
3072025,458,FSI
3072025,461,FSI
3072025,466,FSI
3072025,468,FSI
3072025,470,FSI
3072025,471,FSI
3072025,474,SPN
3072025,480,FSI
3072025,481,SPN
3072025,485,SPN
3072025,487,FSI
3072025,488,FSI
3072025,489,FSI
3072025,494,FSI
3072025,498,FSI
3072025,504,SPN
3072025,516,SPN
3072025,518,SPN
3072025,521,FSI
3072025,522,FSI
3072025,525,FSI
3072025,530,FSI
3072025,534,FSI
3072025,537,FSI
3072025,538,FSI
3072025,539,FSI
3072025,543,SPN
3072025,549,FSI
3072025,559,FSI
3072025,561,FSI
3072025,565,FSI
3072025,567,FSI
3072025,568,FSI
3072025,573,SPN
3072025,574,FSI
3072025,575,FSI
3072025,576,FSI
3072025,577,SPN
3072025,578,SPN
3072025,581,SPN
3072025,584,FSI
3072025,587,SPN
3072025,594,FSI
3072025,598,FSI
3072025,600,SPN
3072025,605,SPN
3072025,606,FSI
3092025,1,FSI
3092025,2,FSI
3092025,17,SPN
3092025,19,FSI
3092025,23,SPN
3092025,37,FSI
3092025,44,FSI
3092025,51,FSI
3092025,54,FSI
3092025,59,FSI
3092025,67,FSI
3092025,68,FSI
3092025,69,FSI
3092025,75,SPN
3092025,76,FSI
3092025,77,FSI
3092025,79,FSI
3092025,81,FSI
3092025,84,FSI
3092025,85,FSI
3092025,88,SPN
3092025,89,FSI
3092025,93,FSI
3092025,95,FSI
3092025,99,SPN
3092025,113,FSI
3092025,117,SPN
3092025,127,FSI
3092025,142,FSI
3092025,147,FSI
3092025,149,FSI
3092025,150,FSI
3092025,165,FSI
3092025,167,FSI
3092025,170,FSI
3092025,174,FSI
3092025,175,FSI
3092025,176,FSI
3092025,178,FSI
3092025,180,FSI
3092025,182,FSI
3092025,186,FSI
3092025,191,FSI
3092025,193,FSI
3092025,194,FSI
3092025,200,FSI
3092025,201,FSI
3092025,204,FSI
3092025,210,SPN
3092025,213,FSI
3092025,222,FSI
3092025,226,FSI
3092025,229,FSI
3092025,234,SPN
3092025,238,FSI
3092025,245,FSI
3092025,246,FSI
3092025,247,FSI
3092025,252,FSI
3092025,253,FSI
3092025,255,FSI
3092025,256,FSI
3092025,259,FSI
3092025,260,FSI
3092025,273,FSI
3092025,274,FSI
3092025,275,SPN
3092025,277,SPN
3092025,285,FSI
3092025,299,FSI
3092025,304,FSI
3092025,306,SPN
3092025,307,FSI
3092025,311,FSI
3092025,318,FSI
3092025,320,FSI
3092025,322,FSI
3092025,323,FSI
3092025,324,SPN
3092025,326,FSI
3092025,329,FSI
3092025,330,FSI
3092025,331,FSI
3092025,332,FSI
3092025,333,FSI
3092025,336,FSI
3092025,338,SPN
3092025,345,FSI
3092025,346,FSI
3092025,347,FSI
3092025,349,FSI
3092025,350,FSI
3092025,351,FSI
3092025,352,FSI
3092025,353,SPN
3092025,354,SPN
3092025,356,SPN
3092025,357,SPN
3092025,359,FSI
3092025,360,FSI
3092025,361,FSI
3092025,362,FSI
3092025,363,FSI
3092025,366,FSI
3092025,367,FSI
3092025,368,FSI
3092025,369,FSI
3092025,371,FSI
3092025,373,FSI
3092025,376,FSI
3092025,378,FSI
3092025,383,FSI
3092025,386,FSI
3092025,387,SPN
3092025,390,FSI
3092025,393,FSI
3092025,394,FSI
3092025,396,FSI
3092025,397,FSI
3092025,399,FSI
3092025,400,FSI
3092025,402,FSI
3092025,403,FSI
3092025,404,FSI
3092025,408,FSI
3092025,409,SPN
3092025,410,FSI
3092025,412,FSI
3092025,418,FSI
3092025,419,FSI
3092025,420,SPN
3092025,422,FSI
3092025,426,FSI
3092025,429,FSI
3092025,433,FSI
3092025,438,FSI
3092025,445,FSI
3092025,449,SPN
3092025,450,FSI
3092025,451,FSI
3092025,453,FSI
3092025,460,FSI
3092025,466,SPN
3092025,467,SPN
3092025,469,FSI
3092025,473,FSI
3092025,475,FSI
3092025,477,FSI
3092025,479,FSI
3092025,480,SPN
3092025,484,SPN
3092025,488,FSI
3092025,491,FSI
3092025,492,FSI
3092025,498,FSI
4072025,0,SPN
4072025,12,SPN
4072025,13,FSI
4072025,15,SPN
4072025,18,SPN
4072025,19,SPN
4072025,27,FSI
4072025,32,FSI
4072025,33,SPN
4072025,36,FSI
4072025,37,SPN
4072025,39,FSI
4072025,40,SPN
4072025,42,SPN
4072025,44,FSI
4072025,47,SPN
4072025,48,SPN
4072025,53,SPN
4072025,54,SPN
4072025,55,FSI
4072025,56,FSI
4072025,60,FSI
4072025,63,SPN
4072025,65,FSI
4072025,74,FSI
4072025,78,SPN
4072025,92,SPN
4072025,93,FSI
4072025,103,SPN
4072025,107,FSI
4072025,117,SPN
4072025,120,FSI
4072025,123,SPN
4072025,124,FSI
4072025,129,FSI
4072025,130,FSI
4072025,131,FSI
4072025,133,FSI
4072025,134,SPN
4072025,136,FSI
4072025,149,FSI
4072025,150,FSI
4072025,151,FSI
4072025,152,FSI
4072025,153,FSI
4072025,155,FSI
4072025,169,FSI
4072025,170,SPN
4072025,173,FSI
4072025,174,FSI
4072025,175,SPN
4072025,176,FSI
4072025,177,SPN
4072025,179,FSI
4072025,182,FSI
4072025,183,FSI
4072025,185,SPN
4072025,186,FSI
4072025,187,FSI
4072025,188,FSI
4072025,191,FSI
4072025,198,FSI
4072025,199,SPN
4072025,205,FSI
4072025,207,SPN
4072025,215,FSI
4072025,216,SPN
4072025,220,FSI
4072025,221,SPN
4072025,224,FSI
4072025,226,SPN
4072025,233,FSI
4072025,239,FSI
4072025,247,SPN
4072025,255,FSI
4072025,259,FSI
4072025,260,SPN
4072025,261,FSI
4072025,263,FSI
4072025,265,FSI
4072025,269,SPN
4072025,274,FSI
4072025,276,FSI
4072025,283,FSI
4072025,285,FSI
4072025,288,FSI
4072025,289,FSI
4072025,290,FSI
4072025,291,FSI
4072025,295,SPN
4072025,297,FSI
4072025,300,SPN
4072025,302,FSI
4072025,307,FSI
4072025,310,FSI
4072025,312,FSI
4072025,314,FSI
4072025,315,FSI
4072025,317,FSI
4072025,318,FSI
4072025,320,FSI
4072025,321,FSI
4072025,322,SPN
4072025,324,SPN
4072025,326,FSI
4072025,333,FSI
4072025,336,FSI
4072025,337,FSI
4072025,343,SPN
4072025,344,SPN
4072025,346,SPN
4072025,347,FSI
4072025,348,FSI
4072025,349,SPN
4072025,350,FSI
4072025,352,FSI
4072025,353,FSI
4072025,354,FSI
4072025,355,FSI
4072025,382,SPN
4072025,383,SPN
4072025,384,FSI
4072025,386,FSI
4072025,388,FSI
4072025,390,FSI
4072025,391,SPN
4072025,392,FSI
4072025,394,FSI
4072025,395,FSI
4072025,397,SPN
4072025,400,SPN
4072025,403,FSI
4072025,405,SPN
4072025,407,FSI
4072025,409,FSI
4072025,410,FSI
4072025,415,FSI
4072025,418,FSI
4072025,419,FSI
4072025,421,FSI
4072025,423,FSI
4072025,426,FSI
4072025,427,FSI
4072025,428,FSI
4072025,430,FSI
4072025,432,FSI
4072025,433,FSI
4072025,436,FSI
4072025,437,FSI
4072025,449,FSI
4072025,463,SPN
4072025,468,SPN
4072025,475,SPN
4072025,483,SPN
4072025,484,FSI
4072025,486,FSI
4072025,487,SPN
4072025,489,SPN
4072025,492,FSI
4072025,500,FSI
4072025,520,FSI
4072025,522,FSI
4072025,523,FSI
4072025,524,FSI
4072025,529,FSI
4072025,531,FSI
4072025,532,SPN
4072025,533,SPN
4072025,534,FSI
4072025,535,FSI
4072025,536,FSI
4072025,537,FSI
4072025,538,FSI
4072025,557,FSI
4072025,558,SPN
4072025,560,FSI
8092025,0,FSI
8092025,2,FSI
8092025,13,FSI
8092025,19,FSI
8092025,21,FSI
8092025,23,FSI
8092025,24,FSI
8092025,27,FSI
8092025,28,FSI
8092025,29,FSI
8092025,31,FSI
8092025,35,FSI
8092025,37,FSI
8092025,46,FSI
8092025,47,FSI
8092025,52,FSI
8092025,55,FSI
8092025,61,SPN
8092025,62,FSI
8092025,63,FSI
8092025,64,FSI
8092025,68,SPN
8092025,69,FSI
8092025,70,FSI
8092025,75,FSI
8092025,85,SPN
8092025,93,FSI
8092025,98,FSI
8092025,100,SPN
8092025,102,FSI
8092025,107,SPN
8092025,108,SPN
8092025,111,FSI
8092025,116,FSI
8092025,119,SPN
8092025,120,FSI
8092025,121,FSI
8092025,127,FSI
8092025,134,SPN
8092025,139,SPN
8092025,140,FSI
8092025,141,FSI
8092025,155,FSI
8092025,159,FSI
8092025,187,FSI
8092025,190,FSI
8092025,192,SPN
8092025,194,FSI
8092025,197,FSI
8092025,204,FSI
8092025,206,FSI
8092025,213,FSI
8092025,214,FSI
8092025,215,FSI
8092025,218,FSI
8092025,220,SPN
8092025,222,SPN
8092025,231,FSI
8092025,232,FSI
8092025,233,SPN
8092025,237,SPN
8092025,239,FSI
8092025,240,FSI
8092025,241,FSI
8092025,242,FSI
8092025,256,FSI
8092025,258,FSI
8092025,261,SPN
8092025,271,FSI
8092025,284,FSI
8092025,285,SPN
8092025,287,FSI
8092025,290,FSI
8092025,291,FSI
8092025,292,SPN
8092025,294,SPN
8092025,295,FSI
8092025,300,FSI
8092025,302,FSI
8092025,309,FSI
8092025,310,FSI
8092025,312,FSI
8092025,313,SPN
8092025,314,FSI
8092025,315,FSI
8092025,316,FSI
8092025,318,SPN
8092025,320,FSI
8092025,321,FSI
8092025,323,FSI
8092025,324,FSI
8092025,326,FSI
8092025,327,FSI
8092025,330,FSI
8092025,333,FSI
8092025,334,SPN
8092025,336,FSI
8092025,337,FSI
8092025,338,FSI
8092025,339,FSI
8092025,340,FSI
8092025,345,FSI
8092025,352,FSI
8092025,355,FSI
8092025,358,FSI
8092025,360,FSI
8092025,362,FSI
8092025,363,FSI
8092025,364,SPN
8092025,367,FSI
8092025,369,SPN
8092025,372,FSI
8092025,373,FSI
8092025,377,FSI
8092025,378,SPN
8092025,382,SPN
8092025,384,FSI
8092025,387,FSI
8092025,388,FSI
8092025,389,FSI
8092025,391,FSI
8092025,394,FSI
8092025,396,FSI
8092025,397,FSI
8092025,398,FSI
8092025,401,SPN
8092025,402,FSI
8092025,403,FSI
8092025,406,FSI
8092025,407,FSI
8092025,408,FSI
8092025,409,FSI
8092025,410,FSI
8092025,412,FSI
8092025,413,SPN
8092025,414,FSI
8092025,415,FSI
8092025,418,FSI
8092025,422,FSI
8092025,423,FSI
8092025,429,FSI
8092025,431,FSI
8092025,440,FSI
8092025,441,FSI
8092025,444,FSI
8092025,446,FSI
8092025,448,SPN
8092025,449,FSI
8092025,451,FSI
8092025,452,FSI
8092025,453,SPN
8092025,454,FSI
8092025,456,FSI
8092025,457,FSI
8092025,460,SPN
8092025,461,FSI
8092025,462,FSI
8092025,463,FSI
8092025,469,FSI
8092025,471,FSI
8092025,472,FSI
8092025,476,FSI
8092025,479,FSI
8092025,481,FSI
8092025,482,FSI
8092025,483,FSI
8092025,485,FSI
8092025,490,FSI
8092025,491,SPN
8092025,494,FSI
8092025,495,FSI
8092025,497,FSI
8092025,499,FSI
8092025,501,FSI
8092025,502,FSI
8092025,503,FSI
8092025,504,FSI
8092025,506,FSI
8092025,507,FSI
8092025,513,FSI
8092025,515,FSI
8092025,516,FSI
8092025,518,FSI
8092025,519,FSI
8092025,520,FSI
8092025,521,FSI
8092025,523,FSI
8092025,524,FSI
8092025,526,FSI
8092025,529,FSI
8092025,533,FSI
8092025,534,FSI
8092025,535,FSI
8092025,538,FSI
8092025,539,FSI
8092025,541,FSI
8092025,542,FSI
8092025,544,FSI
8092025,547,FSI
8092025,550,FSI
8092025,551,FSI
8092025,552,FSI
8092025,553,FSI
8092025,554,FSI
8092025,555,FSI
8092025,556,FSI
8092025,557,FSI
8092025,558,FSI
8092025,560,FSI
8092025,565,FSI
8092025,570,FSI
8092025,571,FSI
8092025,575,FSI
8092025,578,FSI
8092025,579,SPN
8092025,581,FSI
8092025,585,FSI
8092025,587,SPN
8092025,588,FSI
8092025,589,FSI
8092025,590,SPN
8092025,601,FSI
8092025,602,SPN
8092025,605,FSI
8092025,606,FSI
9072025,6,SPN
9072025,12,SPN
9072025,14,SPN
9072025,15,FSI
9072025,17,SPN
9072025,19,SPN
9072025,26,SPN
9072025,27,SPN
9072025,29,FSI
9072025,30,SPN
9072025,37,SPN
9072025,43,FSI
9072025,51,SPN
9072025,78,FSI
9072025,83,FSI
9072025,87,FSI
9072025,88,FSI
9072025,89,FSI
9072025,116,FSI
9072025,130,FSI
9072025,136,SPN
9072025,137,SPN
9072025,143,FSI
9072025,153,FSI
9072025,154,SPN
9072025,157,FSI
9072025,159,FSI
9072025,160,FSI
9072025,166,FSI
9072025,167,FSI
9072025,175,FSI
9072025,180,FSI
9072025,181,FSI
9072025,182,FSI
9072025,183,FSI
9072025,184,FSI
9072025,185,FSI
9072025,194,FSI
9072025,211,SPN
9072025,216,FSI
9072025,217,FSI
9072025,219,SPN
9072025,225,FSI
9072025,226,FSI
9072025,233,FSI
9072025,234,FSI
9072025,236,FSI
9072025,238,FSI
9072025,242,SPN
9072025,246,FSI
9072025,247,FSI
9072025,251,SPN
9072025,254,FSI
9072025,255,FSI
9072025,256,SPN
9072025,257,FSI
9072025,259,FSI
9072025,260,FSI
9072025,261,FSI
9072025,262,FSI
9072025,264,SPN
9072025,266,FSI
9072025,268,FSI
9072025,269,FSI
9072025,270,FSI
9072025,271,SPN
9072025,273,FSI
9072025,274,FSI
9072025,276,FSI
9072025,277,FSI
9072025,278,FSI
9072025,283,FSI
9072025,298,FSI
9072025,300,FSI
9072025,301,FSI
9072025,304,FSI
9072025,341,SPN
9072025,355,SPN
9072025,357,FSI
9072025,374,FSI
9072025,392,FSI
9072025,394,FSI
9072025,396,FSI
9072025,399,SPN
9072025,403,SPN
9072025,412,FSI
9072025,413,SPN
9072025,424,FSI
9072025,434,FSI
9092025,2,FSI
9092025,3,FSI
9092025,5,FSI
9092025,10,FSI
9092025,22,FSI
9092025,28,FSI
9092025,30,FSI
9092025,31,FSI
9092025,32,FSI
9092025,34,FSI
9092025,39,SPN
9092025,42,FSI
9092025,43,FSI
9092025,48,FSI
9092025,50,FSI
9092025,51,FSI
9092025,54,SPN
9092025,57,FSI
9092025,58,FSI
9092025,60,FSI
9092025,61,FSI
9092025,62,SPN
9092025,65,FSI
9092025,69,FSI
9092025,73,FSI
9092025,75,SPN
9092025,76,FSI
9092025,78,FSI
9092025,83,SPN
9092025,91,FSI
9092025,110,FSI
9092025,115,FSI
9092025,116,FSI
9092025,117,FSI
9092025,119,FSI
9092025,120,FSI
9092025,129,FSI
9092025,131,FSI
9092025,137,FSI
9092025,140,FSI
9092025,143,SPN
9092025,146,SPN
9092025,157,FSI
9092025,169,FSI
9092025,174,SPN
9092025,176,FSI
9092025,178,FSI
9092025,182,FSI
9092025,184,FSI
9092025,186,FSI
9092025,194,FSI
9092025,195,FSI
9092025,201,FSI
9092025,205,FSI
9092025,206,FSI
9092025,211,FSI
9092025,212,FSI
9092025,214,FSI
9092025,215,FSI
9092025,221,FSI
9092025,222,FSI
9092025,224,FSI
9092025,225,SPN
9092025,226,FSI
9092025,228,FSI
9092025,229,FSI
9092025,232,FSI
9092025,234,FSI
9092025,238,FSI
9092025,239,FSI
9092025,240,FSI
9092025,241,FSI
9092025,245,FSI
9092025,247,FSI
9092025,248,FSI
9092025,251,FSI
9092025,256,FSI
9092025,259,FSI
9092025,260,FSI
9092025,262,FSI
9092025,263,FSI
9092025,265,FSI
9092025,269,FSI
9092025,270,FSI
9092025,272,SPN
9092025,277,FSI
9092025,279,SPN
9092025,287,FSI
9092025,292,FSI
9092025,295,FSI
9092025,298,FSI
9092025,310,FSI
9092025,311,SPN
9092025,314,FSI
9092025,316,FSI
9092025,317,FSI
9092025,319,FSI
9092025,322,FSI
9092025,325,FSI
9092025,327,FSI
9092025,328,FSI
9092025,329,FSI
9092025,332,FSI
9092025,333,FSI
9092025,337,FSI
9092025,339,FSI
9092025,341,FSI
9092025,342,FSI
9092025,343,FSI
9092025,344,SPN
9092025,345,FSI
9092025,347,FSI
9092025,348,SPN
9092025,350,FSI
9092025,351,SPN
9092025,352,FSI
9092025,354,FSI
9092025,356,FSI
9092025,358,FSI
9092025,365,FSI
9092025,366,FSI
9092025,367,FSI
9092025,369,FSI
9092025,372,FSI
9092025,373,FSI
9092025,375,FSI
9092025,376,FSI
9092025,377,FSI
9092025,378,FSI
9092025,379,FSI
9092025,381,FSI
9092025,382,FSI
9092025,383,FSI
9092025,385,FSI
9092025,391,SPN
9092025,393,FSI
9092025,394,FSI
9092025,395,FSI
9092025,396,FSI
9092025,397,SPN
9092025,399,FSI
9092025,403,FSI
9092025,405,FSI
9092025,407,FSI
9092025,408,FSI
9092025,412,SPN
9092025,416,FSI
9092025,417,FSI
9092025,421,FSI
9092025,428,FSI
9092025,430,FSI
9092025,432,FSI
9092025,434,FSI
9092025,435,FSI
9092025,437,FSI
9092025,440,FSI
9092025,441,FSI
9092025,442,FSI
9092025,443,SPN
9092025,445,FSI
9092025,446,FSI
9092025,449,FSI
9092025,451,FSI
9092025,453,FSI
9092025,454,FSI
9092025,456,FSI
9092025,458,FSI
9092025,459,FSI
9092025,460,FSI
9092025,465,FSI
9092025,466,FSI
9092025,470,FSI
9092025,471,FSI
9092025,473,FSI
9092025,474,FSI
9092025,475,FSI
9092025,477,FSI
9092025,482,FSI
9092025,483,FSI
9092025,484,FSI
9092025,485,FSI
9092025,486,FSI
9092025,487,FSI
9092025,488,FSI
9092025,492,FSI
9092025,493,FSI
9092025,494,FSI
9092025,495,FSI
9092025,496,FSI
9092025,497,FSI
9092025,503,FSI
9092025,504,FSI
9092025,505,FSI
9092025,506,FSI
9092025,507,FSI
9092025,511,FSI
9092025,512,FSI
9092025,513,FSI
9092025,514,FSI
9092025,518,FSI
9092025,522,FSI
9092025,524,FSI
9092025,525,FSI
9092025,526,FSI
9092025,527,FSI
9092025,530,FSI
9092025,531,FSI
9092025,532,FSI
9092025,533,FSI
9092025,534,FSI
9092025,535,FSI
9092025,540,FSI
9092025,542,FSI
9092025,543,SPN
9092025,546,FSI
9092025,547,FSI
9092025,548,FSI
9092025,549,FSI
9092025,550,SPN
9092025,554,SPN
9092025,557,SPN
9092025,558,FSI
9092025,561,FSI
9092025,562,FSI
9092025,563,FSI
9092025,564,FSI
9092025,568,FSI
9092025,569,FSI
9092025,571,FSI
9092025,572,SPN
9092025,573,SPN
9092025,575,SPN
9092025,581,FSI
9092025,585,FSI
12082025,15,FSI
12082025,19,FSI
12082025,36,FSI
12082025,39,SPN
12082025,40,FSI
12082025,44,FSI
12082025,48,FSI
12082025,56,FSI
12082025,58,FSI
12082025,59,FSI
12082025,62,FSI
12082025,68,FSI
12082025,73,FSI
12082025,74,SPN
12082025,76,FSI
12082025,79,FSI
12082025,81,FSI
12082025,84,SPN
12082025,85,FSI
12082025,95,FSI
12082025,99,FSI
12082025,115,FSI
12082025,117,SPN
12082025,120,FSI
12082025,123,FSI
12082025,130,FSI
12082025,133,SPN
12082025,134,FSI
12082025,145,FSI
12082025,146,FSI
12082025,148,FSI
12082025,150,FSI
12082025,156,FSI
12082025,159,FSI
12082025,161,FSI
12082025,164,FSI
12082025,167,FSI
12082025,168,FSI
12082025,172,FSI
12082025,173,FSI
12082025,174,FSI
12082025,175,FSI
12082025,176,FSI
12082025,177,FSI
12082025,178,FSI
12082025,184,FSI
12082025,186,FSI
12082025,188,SPN
12082025,199,FSI
12082025,201,FSI
12082025,209,FSI
12082025,216,FSI
12082025,218,FSI
12082025,224,FSI
12082025,227,SPN
12082025,235,FSI
12082025,244,FSI
12082025,245,FSI
12082025,252,FSI
12082025,257,FSI
12082025,258,SPN
12082025,264,FSI
12082025,268,FSI
12082025,270,FSI
12082025,278,FSI
12082025,279,SPN
12082025,289,FSI
12082025,291,FSI
12082025,292,FSI
12082025,293,FSI
12082025,294,FSI
12082025,296,FSI
12082025,302,FSI
12082025,303,FSI
12082025,306,FSI
12082025,308,FSI
12082025,312,FSI
12082025,313,FSI
12082025,316,FSI
12082025,317,FSI
12082025,319,FSI
12082025,322,FSI
12082025,326,FSI
12082025,328,FSI
12082025,329,FSI
12082025,333,FSI
12082025,340,FSI
12082025,341,FSI
12082025,342,FSI
12082025,343,FSI
12082025,344,FSI
12082025,345,FSI
12082025,349,FSI
12082025,351,FSI
12082025,354,FSI
12082025,356,FSI
12082025,357,FSI
12082025,359,SPN
12082025,363,FSI
12082025,364,FSI
12082025,365,FSI
12082025,367,FSI
12082025,369,FSI
12082025,371,FSI
12082025,373,FSI
12082025,381,FSI
12082025,383,FSI
12082025,387,FSI
12082025,394,FSI
12082025,399,FSI
12082025,400,FSI
12082025,402,FSI
12082025,403,FSI
12082025,404,FSI
12082025,406,FSI
12082025,407,FSI
12082025,408,FSI
12082025,409,FSI
12082025,410,FSI
12082025,411,FSI
12082025,415,FSI
12082025,416,FSI
12082025,417,FSI
12082025,420,FSI
12082025,421,FSI
12082025,422,FSI
12082025,427,FSI
12082025,431,FSI
12082025,432,FSI
12082025,433,FSI
12082025,434,FSI
12082025,435,FSI
12082025,436,FSI
12082025,437,FSI
12082025,438,FSI
12082025,439,FSI
12082025,440,FSI
12082025,441,FSI
12082025,442,FSI
12082025,443,FSI
12082025,444,FSI
12082025,445,FSI
12082025,446,FSI
12082025,448,FSI
12082025,449,FSI
12082025,450,FSI
12082025,451,FSI
12082025,452,FSI
12082025,453,FSI
12082025,455,FSI
12082025,456,FSI
12082025,457,FSI
12082025,459,FSI
12082025,461,FSI
12082025,462,FSI
12082025,463,FSI
12082025,466,FSI
12082025,469,FSI
12082025,470,FSI
12082025,471,FSI
12082025,473,FSI
12082025,474,FSI
12082025,476,FSI
12082025,477,FSI
12082025,478,FSI
12082025,482,FSI
12082025,484,FSI
12082025,486,FSI
12082025,488,FSI
12082025,491,FSI
12082025,493,FSI
12082025,494,FSI
12082025,495,FSI
12082025,496,SPN
12082025,499,FSI
12082025,502,FSI
12082025,503,FSI
12082025,504,FSI
12082025,505,FSI
12082025,510,FSI
12082025,513,FSI
12082025,514,FSI
12082025,517,FSI
12082025,518,FSI
12082025,524,FSI
12082025,529,FSI
12082025,530,FSI
12082025,533,FSI
12082025,534,SPN
12082025,536,SPN
12082025,537,SPN
12082025,543,SPN
12082025,549,FSI
12082025,551,SPN
12082025,553,FSI
12082025,554,FSI
12082025,556,SPN
12082025,559,FSI
12082025,564,FSI
12082025,571,FSI
12082025,572,FSI
12082025,579,FSI
12092025,2,FSI
12092025,18,FSI
12092025,19,FSI
12092025,22,FSI
12092025,25,FSI
12092025,27,FSI
12092025,28,FSI
12092025,29,FSI
12092025,31,FSI
12092025,36,FSI
12092025,38,FSI
12092025,40,FSI
12092025,48,SPN
12092025,52,FSI
12092025,56,FSI
12092025,60,FSI
12092025,63,FSI
12092025,69,SPN
12092025,70,FSI
12092025,74,FSI
12092025,81,SPN
12092025,85,FSI
12092025,88,SPN
12092025,90,FSI
12092025,91,FSI
12092025,101,FSI
12092025,102,SPN
12092025,104,FSI
12092025,105,FSI
12092025,106,SPN
12092025,108,FSI
12092025,114,FSI
12092025,115,FSI
12092025,116,FSI
12092025,120,FSI
12092025,128,FSI
12092025,130,FSI
12092025,136,FSI
12092025,141,FSI
12092025,162,FSI
12092025,175,SPN
12092025,179,SPN
12092025,180,FSI
12092025,186,FSI
12092025,187,FSI
12092025,188,FSI
12092025,189,FSI
12092025,190,FSI
12092025,197,FSI
12092025,198,FSI
12092025,199,FSI
12092025,200,FSI
12092025,205,FSI
12092025,207,FSI
12092025,211,FSI
12092025,214,SPN
12092025,216,SPN
12092025,223,FSI
12092025,224,FSI
12092025,225,FSI
12092025,227,FSI
12092025,228,FSI
12092025,231,SPN
12092025,234,FSI
12092025,235,FSI
12092025,240,FSI
12092025,241,FSI
12092025,242,FSI
12092025,246,FSI
12092025,250,FSI
12092025,252,FSI
12092025,253,SPN
12092025,254,FSI
12092025,258,FSI
12092025,260,FSI
12092025,261,FSI
12092025,266,FSI
12092025,268,FSI
12092025,271,FSI
12092025,274,FSI
12092025,277,SPN
12092025,279,FSI
12092025,286,FSI
12092025,295,FSI
12092025,297,FSI
12092025,298,FSI
12092025,300,FSI
12092025,303,FSI
12092025,307,FSI
12092025,308,FSI
12092025,315,FSI
12092025,319,FSI
12092025,323,SPN
12092025,324,FSI
12092025,326,SPN
12092025,327,FSI
12092025,328,FSI
12092025,331,FSI
12092025,335,FSI
12092025,336,FSI
12092025,337,FSI
12092025,341,FSI
12092025,346,FSI
12092025,347,FSI
12092025,348,FSI
12092025,351,FSI
12092025,354,FSI
12092025,360,FSI
12092025,369,FSI
12092025,375,FSI
12092025,377,FSI
12092025,380,FSI
12092025,381,FSI
12092025,385,FSI
12092025,392,FSI
12092025,395,FSI
12092025,398,FSI
12092025,401,SPN
12092025,404,FSI
12092025,406,FSI
12092025,410,SPN
12092025,411,FSI
12092025,413,FSI
12092025,415,FSI
12092025,416,FSI
12092025,417,FSI
12092025,420,SPN
12092025,421,FSI
12092025,425,FSI
12092025,426,FSI
12092025,427,FSI
12092025,430,FSI
12092025,432,FSI
12092025,434,FSI
12092025,437,FSI
12092025,440,FSI
12092025,441,FSI
12092025,443,SPN
12092025,446,FSI
12092025,447,FSI
12092025,448,FSI
12092025,449,FSI
12092025,450,FSI
12092025,452,FSI
12092025,455,FSI
12092025,456,FSI
12092025,457,FSI
12092025,459,FSI
12092025,460,FSI
12092025,461,FSI
12092025,462,FSI
12092025,464,FSI
12092025,465,FSI
12092025,466,FSI
12092025,467,FSI
12092025,469,FSI
12092025,470,FSI
12092025,480,FSI
12092025,481,FSI
12092025,482,FSI
12092025,483,FSI
12092025,485,FSI
12092025,486,FSI
12092025,491,FSI
12092025,492,FSI
12092025,493,FSI
12092025,494,FSI
12092025,495,FSI
12092025,496,FSI
12092025,497,FSI
12092025,502,FSI
12092025,503,FSI
12092025,504,FSI
12092025,506,FSI
12092025,508,FSI
12092025,510,FSI
12092025,511,FSI
12092025,512,FSI
12092025,514,FSI
12092025,515,FSI
12092025,516,FSI
12092025,517,FSI
12092025,518,FSI
12092025,519,FSI
12092025,520,SPN
12092025,523,FSI
12092025,524,FSI
12092025,526,FSI
12092025,527,FSI
12092025,529,FSI
12092025,530,FSI
12092025,531,FSI
12092025,534,FSI
12092025,535,FSI
12092025,536,FSI
12092025,538,FSI
12092025,539,FSI
12092025,541,FSI
12092025,543,FSI
12092025,549,FSI
12092025,550,FSI
12092025,551,FSI
12092025,556,FSI
12092025,558,SPN
12092025,559,FSI
12092025,564,FSI
12092025,565,FSI
12092025,566,SPN
12092025,567,FSI
12092025,568,FSI
12092025,574,FSI
12092025,576,FSI
12092025,577,SPN
12092025,578,SPN
12092025,579,SPN
12092025,581,FSI
12092025,583,FSI
12092025,588,SPN
12092025,589,FSI
12092025,590,SPN
12092025,591,SPN
12092025,593,FSI
12092025,595,SPN
12092025,601,FSI
12092025,609,FSI
13082025,8,FSI
13082025,15,FSI
13082025,30,SPN
13082025,32,FSI
13082025,34,FSI
13082025,36,FSI
13082025,38,FSI
13082025,39,FSI
13082025,40,FSI
13082025,42,FSI
13082025,49,FSI
13082025,53,FSI
13082025,59,FSI
13082025,60,FSI
13082025,61,FSI
13082025,64,FSI
13082025,68,FSI
13082025,70,FSI
13082025,79,FSI
13082025,80,FSI
13082025,81,SPN
13082025,83,FSI
13082025,84,SPN
13082025,90,FSI
13082025,91,FSI
13082025,92,FSI
13082025,97,FSI
13082025,99,FSI
13082025,101,FSI
13082025,109,FSI
13082025,125,FSI
13082025,135,FSI
13082025,140,FSI
13082025,141,FSI
13082025,146,FSI
13082025,148,FSI
13082025,155,SPN
13082025,157,FSI
13082025,158,FSI
13082025,161,FSI
13082025,169,FSI
13082025,170,FSI
13082025,180,SPN
13082025,181,FSI
13082025,183,FSI
13082025,187,FSI
13082025,188,FSI
13082025,192,FSI
13082025,193,FSI
13082025,200,FSI
13082025,203,SPN
13082025,204,FSI
13082025,207,SPN
13082025,209,FSI
13082025,210,FSI
13082025,212,FSI
13082025,217,FSI
13082025,219,FSI
13082025,220,FSI
13082025,226,SPN
13082025,228,FSI
13082025,233,FSI
13082025,234,FSI
13082025,237,FSI
13082025,240,FSI
13082025,246,SPN
13082025,247,SPN
13082025,250,FSI
13082025,254,SPN
13082025,269,FSI
13082025,270,SPN
13082025,274,SPN
13082025,288,SPN
13082025,290,FSI
13082025,293,FSI
13082025,299,FSI
13082025,305,FSI
13082025,314,FSI
13082025,316,FSI
13082025,319,FSI
13082025,322,FSI
13082025,324,FSI
13082025,332,FSI
13082025,335,FSI
13082025,336,FSI
13082025,337,FSI
13082025,338,FSI
13082025,342,FSI
13082025,343,FSI
13082025,347,FSI
13082025,348,FSI
13082025,349,FSI
13082025,350,FSI
13082025,351,FSI
13082025,355,FSI
13082025,356,FSI
13082025,359,FSI
13082025,361,FSI
13082025,362,FSI
13082025,364,FSI
13082025,365,FSI
13082025,366,FSI
13082025,369,FSI
13082025,371,FSI
13082025,376,FSI
13082025,377,FSI
13082025,379,FSI
13082025,381,SPN
13082025,382,FSI
13082025,385,FSI
13082025,386,FSI
13082025,391,FSI
13082025,396,FSI
13082025,401,SPN
13082025,403,FSI
13082025,407,FSI
13082025,409,FSI
13082025,412,FSI
13082025,415,FSI
13082025,416,FSI
13082025,422,FSI
13082025,427,FSI
13082025,428,FSI
13082025,429,SPN
13082025,430,FSI
13082025,431,FSI
13082025,435,FSI
13082025,436,SPN
13082025,438,FSI
13082025,439,FSI
13082025,440,FSI
13082025,441,FSI
13082025,442,FSI
13082025,443,FSI
13082025,444,FSI
13082025,447,FSI
13082025,448,FSI
13082025,449,FSI
13082025,450,FSI
13082025,452,FSI
13082025,453,FSI
13082025,454,FSI
13082025,456,FSI
13082025,457,FSI
13082025,458,FSI
13082025,459,FSI
13082025,463,FSI
13082025,464,FSI
13082025,465,SPN
13082025,466,FSI
13082025,468,FSI
13082025,469,FSI
13082025,471,FSI
13082025,474,FSI
13082025,475,FSI
13082025,476,FSI
13082025,477,FSI
13082025,478,FSI
13082025,481,FSI
13082025,482,FSI
13082025,483,FSI
13082025,486,FSI
13082025,488,FSI
13082025,489,FSI
13082025,491,FSI
13082025,492,FSI
13082025,494,FSI
13082025,495,FSI
13082025,497,FSI
13082025,502,FSI
13082025,505,FSI
13082025,506,FSI
13082025,507,FSI
13082025,508,FSI
13082025,509,FSI
13082025,511,FSI
13082025,513,FSI
13082025,514,FSI
13082025,515,FSI
13082025,516,FSI
13082025,517,FSI
13082025,518,FSI
13082025,519,FSI
13082025,520,FSI
13082025,523,FSI
13082025,525,FSI
13082025,527,FSI
13082025,528,FSI
13082025,529,FSI
13082025,530,FSI
13082025,531,FSI
13082025,532,FSI
13082025,533,FSI
13082025,536,FSI
13082025,539,FSI
13082025,540,SPN
13082025,546,FSI
13082025,547,FSI
13082025,551,FSI
13082025,553,FSI
13082025,554,FSI
13082025,555,FSI
13082025,556,FSI
13082025,559,FSI
13082025,561,FSI
13082025,563,SPN
13082025,566,FSI
13082025,567,FSI
13082025,571,FSI
13082025,574,SPN
13082025,576,FSI
13082025,577,FSI
13082025,578,FSI
13082025,584,SPN
13082025,585,FSI
13082025,588,FSI
13082025,596,FSI
13082025,597,FSI
13082025,598,FSI
13082025,599,FSI
13082025,601,FSI
13082025,602,FSI
13082025,606,FSI
13082025,607,SPN
13082025,608,SPN
13082025,609,SPN
13082025,614,SPN
13082025,615,SPN
13082025,616,FSI
13082025,617,SPN
13082025,618,SPN
13082025,620,FSI
13082025,622,FSI
13082025,623,FSI
13082025,627,FSI
13082025,629,FSI
13082025,630,SPN
13082025,632,FSI
13082025,633,FSI
13082025,634,FSI
13082025,637,FSI
13082025,638,FSI
13082025,639,FSI
13082025,644,SPN
13082025,646,FSI
13082025,650,FSI
13082025,651,FSI
13082025,654,FSI
14082025,15,FSI
14082025,41,SPN
14082025,46,FSI
14082025,48,FSI
14082025,54,FSI
14082025,59,FSI
14082025,60,FSI
14082025,68,FSI
14082025,69,FSI
14082025,71,FSI
14082025,75,FSI
14082025,76,FSI
14082025,83,SPN
14082025,94,FSI
14082025,97,SPN
14082025,101,FSI
14082025,102,FSI
14082025,103,FSI
14082025,104,FSI
14082025,116,FSI
14082025,120,FSI
14082025,128,FSI
14082025,132,FSI
14082025,143,FSI
14082025,148,FSI
14082025,149,FSI
14082025,151,FSI
14082025,166,FSI
14082025,167,FSI
14082025,172,FSI
14082025,173,FSI
14082025,175,FSI
14082025,181,FSI
14082025,182,FSI
14082025,189,FSI
14082025,191,FSI
14082025,192,FSI
14082025,193,FSI
14082025,196,FSI
14082025,197,FSI
14082025,198,FSI
14082025,200,FSI
14082025,201,FSI
14082025,202,FSI
14082025,203,FSI
14082025,205,FSI
14082025,206,FSI
14082025,210,FSI
14082025,214,SPN
14082025,216,FSI
14082025,220,FSI
14082025,221,FSI
14082025,222,FSI
14082025,223,SPN
14082025,228,FSI
14082025,230,FSI
14082025,231,FSI
14082025,232,FSI
14082025,237,FSI
14082025,240,FSI
14082025,241,FSI
14082025,242,FSI
14082025,257,FSI
14082025,275,SPN
14082025,276,FSI
14082025,280,SPN
14082025,281,FSI
14082025,282,FSI
14082025,285,FSI
14082025,286,FSI
14082025,294,FSI
14082025,299,FSI
14082025,302,SPN
14082025,310,FSI
14082025,320,FSI
14082025,325,FSI
14082025,329,FSI
14082025,334,FSI
14082025,336,FSI
14082025,342,FSI
14082025,349,FSI
14082025,353,FSI
14082025,356,FSI
14082025,357,FSI
14082025,358,FSI
14082025,361,FSI
14082025,362,FSI
14082025,364,FSI
14082025,366,FSI
14082025,367,FSI
14082025,369,FSI
14082025,370,FSI
14082025,375,FSI
14082025,378,FSI
14082025,379,FSI
14082025,380,FSI
14082025,382,FSI
14082025,383,SPN
14082025,384,SPN
14082025,386,FSI
14082025,390,FSI
14082025,392,FSI
14082025,393,FSI
14082025,394,SPN
14082025,396,FSI
14082025,401,FSI
14082025,407,FSI
14082025,408,FSI
14082025,413,FSI
14082025,415,FSI
14082025,418,FSI
14082025,420,FSI
14082025,423,FSI
14082025,425,FSI
14082025,426,FSI
14082025,427,SPN
14082025,428,FSI
14082025,429,FSI
14082025,432,FSI
14082025,433,FSI
14082025,435,FSI
14082025,436,FSI
14082025,437,SPN
14082025,438,FSI
14082025,439,FSI
14082025,440,FSI
14082025,441,SPN
14082025,443,FSI
14082025,444,FSI
14082025,445,FSI
14082025,446,FSI
14082025,447,FSI
14082025,448,FSI
14082025,449,FSI
14082025,452,FSI
14082025,453,FSI
14082025,454,FSI
14082025,455,SPN
14082025,457,FSI
14082025,458,FSI
14082025,459,FSI
14082025,462,FSI
14082025,464,FSI
14082025,465,FSI
14082025,467,FSI
14082025,470,FSI
14082025,472,FSI
14082025,474,FSI
14082025,477,FSI
14082025,478,FSI
14082025,479,FSI
14082025,480,FSI
14082025,481,FSI
14082025,482,FSI
14082025,483,FSI
14082025,485,FSI
14082025,486,FSI
14082025,487,SPN
14082025,489,FSI
14082025,491,FSI
14082025,492,FSI
14082025,494,FSI
14082025,498,FSI
14082025,499,FSI
14082025,502,FSI
14082025,503,FSI
14082025,504,FSI
14082025,505,FSI
14082025,507,FSI
14082025,508,FSI
14082025,510,FSI
14082025,512,FSI
14082025,513,FSI
14082025,514,FSI
14082025,516,FSI
14082025,518,FSI
14082025,525,FSI
14082025,527,FSI
14082025,529,FSI
14082025,530,FSI
14082025,531,FSI
14082025,532,FSI
14082025,533,FSI
14082025,534,FSI
14082025,537,FSI
14082025,541,FSI
14082025,543,FSI
14082025,544,FSI
14082025,545,FSI
14082025,546,FSI
14082025,547,FSI
14082025,548,FSI
14082025,549,FSI
14082025,550,FSI
14082025,553,FSI
14082025,557,FSI
14082025,559,FSI
14082025,564,FSI
14082025,565,FSI
14082025,566,FSI
14082025,568,FSI
14082025,569,FSI
14082025,576,FSI
14082025,577,FSI
14082025,578,FSI
14082025,579,FSI
14082025,581,FSI
14082025,591,FSI
14082025,595,FSI
14082025,599,FSI
14082025,600,FSI
14082025,603,SPN
14082025,604,SPN
14082025,606,FSI
14082025,607,FSI
14082025,609,SPN
14082025,610,FSI
14082025,612,SPN
14082025,616,FSI
14082025,618,FSI
14082025,625,FSI
14082025,626,FSI
14082025,627,FSI
14082025,633,FSI
14082025,636,FSI
14082025,641,FSI
14082025,646,FSI
14082025,647,FSI
14082025,650,FSI
15082025,13,FSI
15082025,14,FSI
15082025,34,FSI
15082025,36,FSI
15082025,41,FSI
15082025,43,FSI
15082025,44,FSI
15082025,46,FSI
15082025,48,FSI
15082025,53,FSI
15082025,56,FSI
15082025,58,FSI
15082025,61,FSI
15082025,62,FSI
15082025,64,FSI
15082025,66,FSI
15082025,76,FSI
15082025,78,SPN
15082025,79,FSI
15082025,81,SPN
15082025,89,FSI
15082025,92,FSI
15082025,95,FSI
15082025,107,FSI
15082025,110,FSI
15082025,118,FSI
15082025,125,FSI
15082025,126,FSI
15082025,141,FSI
15082025,157,FSI
15082025,162,FSI
15082025,176,FSI
15082025,177,FSI
15082025,179,FSI
15082025,180,FSI
15082025,186,FSI
15082025,187,FSI
15082025,188,FSI
15082025,190,FSI
15082025,196,FSI
15082025,198,SPN
15082025,200,FSI
15082025,201,FSI
15082025,206,FSI
15082025,207,FSI
15082025,210,FSI
15082025,212,FSI
15082025,215,FSI
15082025,218,FSI
15082025,222,FSI
15082025,223,FSI
15082025,231,FSI
15082025,234,FSI
15082025,235,FSI
15082025,236,SPN
15082025,237,FSI
15082025,245,FSI
15082025,254,SPN
15082025,262,FSI
15082025,268,SPN
15082025,269,FSI
15082025,274,FSI
15082025,276,FSI
15082025,277,FSI
15082025,278,FSI
15082025,279,FSI
15082025,281,FSI
15082025,285,FSI
15082025,288,SPN
15082025,290,FSI
15082025,291,FSI
15082025,301,FSI
15082025,304,FSI
15082025,309,FSI
15082025,311,FSI
15082025,312,FSI
15082025,315,FSI
15082025,319,FSI
15082025,320,FSI
15082025,321,FSI
15082025,331,FSI
15082025,333,FSI
15082025,334,FSI
15082025,336,FSI
15082025,341,FSI
15082025,343,FSI
15082025,344,FSI
15082025,346,FSI
15082025,347,FSI
15082025,348,FSI
15082025,350,FSI
15082025,351,FSI
15082025,352,FSI
15082025,354,FSI
15082025,355,FSI
15082025,358,FSI
15082025,359,FSI
15082025,361,FSI
15082025,362,FSI
15082025,366,FSI
15082025,367,FSI
15082025,368,FSI
15082025,369,SPN
15082025,370,FSI
15082025,371,FSI
15082025,372,FSI
15082025,374,FSI
15082025,382,FSI
15082025,390,FSI
15082025,399,FSI
15082025,402,FSI
15082025,404,FSI
15082025,408,FSI
15082025,410,FSI
15082025,414,FSI
15082025,416,FSI
15082025,422,FSI
15082025,423,FSI
15082025,424,FSI
15082025,425,FSI
15082025,426,FSI
15082025,427,FSI
15082025,428,SPN
15082025,430,SPN
15082025,431,FSI
15082025,432,FSI
15082025,433,FSI
15082025,434,FSI
15082025,437,FSI
15082025,438,FSI
15082025,440,FSI
15082025,442,FSI
15082025,443,FSI
15082025,444,FSI
15082025,447,FSI
15082025,448,FSI
15082025,450,FSI
15082025,454,SPN
15082025,455,SPN
15082025,457,FSI
15082025,458,FSI
15082025,460,FSI
15082025,462,FSI
15082025,463,FSI
15082025,464,FSI
15082025,465,FSI
15082025,466,FSI
15082025,468,FSI
15082025,470,FSI
15082025,471,FSI
15082025,472,FSI
15082025,473,FSI
15082025,475,FSI
15082025,476,FSI
15082025,485,FSI
15082025,487,FSI
15082025,488,FSI
15082025,489,FSI
15082025,490,SPN
15082025,491,FSI
15082025,492,FSI
15082025,493,FSI
15082025,494,FSI
15082025,495,FSI
15082025,496,FSI
15082025,498,FSI
15082025,499,FSI
15082025,500,FSI
15082025,501,FSI
15082025,502,FSI
15082025,503,FSI
15082025,504,FSI
15082025,505,FSI
15082025,506,FSI
15082025,508,FSI
15082025,509,FSI
15082025,511,FSI
15082025,512,FSI
15082025,513,FSI
15082025,514,SPN
15082025,516,FSI
15082025,521,FSI
15082025,522,FSI
15082025,525,FSI
15082025,527,FSI
15082025,528,FSI
15082025,535,FSI
15082025,536,FSI
15082025,541,FSI
15082025,543,FSI
15082025,544,FSI
15082025,545,FSI
15082025,547,FSI
15082025,549,FSI
15082025,554,FSI
15082025,555,FSI
15082025,561,FSI
15082025,565,FSI
15082025,566,FSI
15082025,572,FSI
15082025,573,FSI
15082025,576,SPN
15082025,578,FSI
15082025,581,SPN
15082025,582,FSI
15082025,586,FSI
15082025,589,FSI
15082025,590,FSI
15082025,595,FSI
15082025,596,FSI
15082025,598,FSI
15082025,604,FSI
15082025,605,FSI
15082025,615,FSI
15082025,619,FSI
15092025,0,FSI
15092025,7,FSI
15092025,22,FSI
15092025,25,FSI
15092025,26,FSI
15092025,28,SPN
15092025,29,SPN
15092025,31,FSI
15092025,34,FSI
15092025,36,FSI
15092025,37,SPN
15092025,40,FSI
15092025,41,FSI
15092025,48,SPN
15092025,50,FSI
15092025,63,FSI
15092025,65,SPN
15092025,66,FSI
15092025,83,FSI
15092025,91,FSI
15092025,99,FSI
15092025,100,SPN
15092025,101,FSI
15092025,108,FSI
15092025,109,FSI
15092025,110,FSI
15092025,114,FSI
15092025,118,FSI
15092025,122,FSI
15092025,123,FSI
15092025,124,FSI
15092025,129,FSI
15092025,131,FSI
15092025,132,FSI
15092025,139,SPN
15092025,140,FSI
15092025,141,FSI
15092025,152,FSI
15092025,156,FSI
15092025,161,FSI
15092025,166,FSI
15092025,168,FSI
15092025,169,FSI
15092025,176,FSI
15092025,179,FSI
15092025,180,FSI
15092025,182,FSI
15092025,183,FSI
15092025,186,FSI
15092025,189,FSI
15092025,191,FSI
15092025,193,FSI
15092025,199,FSI
15092025,201,FSI
15092025,202,FSI
15092025,203,FSI
15092025,207,FSI
15092025,212,FSI
15092025,215,FSI
15092025,217,FSI
15092025,218,FSI
15092025,222,FSI
15092025,223,FSI
15092025,231,FSI
15092025,232,FSI
15092025,233,FSI
15092025,234,FSI
15092025,235,FSI
15092025,239,FSI
15092025,242,SPN
15092025,244,FSI
15092025,245,FSI
15092025,246,FSI
15092025,248,FSI
15092025,250,FSI
15092025,251,FSI
15092025,253,FSI
15092025,255,FSI
15092025,258,FSI
15092025,259,FSI
15092025,260,FSI
15092025,269,FSI
15092025,277,SPN
15092025,281,FSI
15092025,295,FSI
15092025,299,FSI
15092025,308,FSI
15092025,314,FSI
15092025,324,FSI
15092025,325,FSI
15092025,332,FSI
15092025,334,FSI
15092025,335,FSI
15092025,338,FSI
15092025,341,FSI
15092025,342,FSI
15092025,344,FSI
15092025,349,FSI
15092025,353,FSI
15092025,362,FSI
15092025,364,FSI
15092025,369,FSI
15092025,375,FSI
15092025,377,FSI
15092025,380,FSI
15092025,381,FSI
15092025,385,FSI
15092025,386,FSI
15092025,396,SPN
15092025,397,FSI
15092025,398,FSI
15092025,401,FSI
15092025,403,FSI
15092025,405,FSI
15092025,406,FSI
15092025,407,FSI
15092025,409,SPN
15092025,410,FSI
15092025,414,FSI
15092025,415,FSI
15092025,417,FSI
15092025,420,FSI
15092025,421,FSI
15092025,422,FSI
15092025,423,SPN
15092025,427,FSI
15092025,428,FSI
15092025,429,FSI
15092025,430,FSI
15092025,434,FSI
15092025,435,FSI
15092025,436,FSI
15092025,437,FSI
15092025,438,FSI
15092025,440,FSI
15092025,441,FSI
15092025,443,SPN
15092025,444,FSI
15092025,445,FSI
15092025,447,FSI
15092025,449,FSI
15092025,454,FSI
15092025,456,FSI
15092025,457,FSI
15092025,459,FSI
15092025,460,FSI
15092025,461,FSI
15092025,462,FSI
15092025,463,FSI
15092025,468,FSI
15092025,469,FSI
15092025,470,FSI
15092025,471,FSI
15092025,472,FSI
15092025,474,FSI
15092025,475,FSI
15092025,476,FSI
15092025,478,FSI
15092025,480,FSI
15092025,481,FSI
15092025,482,FSI
15092025,483,FSI
15092025,484,FSI
15092025,485,FSI
15092025,487,FSI
15092025,488,FSI
15092025,489,FSI
15092025,492,SPN
15092025,493,FSI
15092025,495,FSI
15092025,496,FSI
15092025,497,FSI
15092025,499,FSI
15092025,500,FSI
15092025,501,FSI
15092025,502,SPN
15092025,506,FSI
15092025,510,FSI
15092025,511,FSI
15092025,512,FSI
15092025,513,FSI
15092025,514,FSI
15092025,515,FSI
15092025,516,FSI
15092025,517,FSI
15092025,519,FSI
15092025,522,FSI
15092025,523,FSI
15092025,526,FSI
15092025,528,FSI
15092025,529,FSI
15092025,530,FSI
15092025,531,FSI
15092025,532,FSI
15092025,533,FSI
15092025,536,FSI
15092025,538,FSI
15092025,540,FSI
15092025,541,FSI
15092025,543,FSI
15092025,544,FSI
15092025,547,FSI
15092025,548,FSI
15092025,549,FSI
15092025,550,FSI
15092025,553,FSI
15092025,554,FSI
15092025,557,FSI
15092025,558,FSI
15092025,561,FSI
15092025,562,FSI
15092025,565,FSI
15092025,566,FSI
15092025,568,FSI
15092025,569,FSI
15092025,570,FSI
15092025,571,FSI
15092025,572,FSI
15092025,573,FSI
15092025,574,FSI
15092025,575,FSI
15092025,576,FSI
15092025,577,FSI
15092025,581,FSI
15092025,582,FSI
15092025,584,FSI
15092025,585,FSI
15092025,589,FSI
15092025,593,FSI
15092025,594,SPN
15092025,595,SPN
15092025,597,FSI
15092025,599,FSI
15092025,601,SPN
15092025,605,SPN
15092025,606,SPN
15092025,608,FSI
15092025,609,FSI
15092025,610,FSI
15092025,611,FSI
15092025,613,FSI
15092025,614,SPN
15092025,616,FSI
15092025,617,FSI
15092025,620,SPN
15092025,623,FSI
15092025,625,FSI
15092025,627,FSI
15092025,628,FSI
15092025,630,SPN
15092025,635,SPN
15092025,636,FSI
15092025,642,SPN
15092025,643,FSI
15092025,645,SPN
15092025,646,FSI
16092025,0,FSI
16092025,13,FSI
16092025,18,FSI
16092025,24,FSI
16092025,27,FSI
16092025,28,SPN
16092025,30,FSI
16092025,37,FSI
16092025,56,SPN
16092025,59,FSI
16092025,64,FSI
16092025,71,FSI
16092025,73,SPN
16092025,74,SPN
16092025,85,SPN
16092025,105,FSI
16092025,110,FSI
16092025,113,FSI
16092025,114,FSI
16092025,115,FSI
16092025,119,FSI
16092025,125,FSI
16092025,129,FSI
16092025,133,FSI
16092025,134,FSI
16092025,135,FSI
16092025,136,FSI
16092025,137,FSI
16092025,138,FSI
16092025,139,SPN
16092025,145,FSI
16092025,156,FSI
16092025,161,FSI
16092025,172,FSI
16092025,174,FSI
16092025,188,FSI
16092025,190,FSI
16092025,192,SPN
16092025,195,FSI
16092025,198,SPN
16092025,203,FSI
16092025,205,FSI
16092025,206,FSI
16092025,208,FSI
16092025,210,FSI
16092025,212,FSI
16092025,217,FSI
16092025,219,FSI
16092025,223,FSI
16092025,227,FSI
16092025,232,FSI
16092025,234,FSI
16092025,235,FSI
16092025,236,FSI
16092025,237,FSI
16092025,241,FSI
16092025,242,FSI
16092025,246,FSI
16092025,247,FSI
16092025,249,FSI
16092025,252,FSI
16092025,255,FSI
16092025,258,FSI
16092025,261,FSI
16092025,265,FSI
16092025,266,FSI
16092025,267,SPN
16092025,271,FSI
16092025,276,FSI
16092025,292,FSI
16092025,293,SPN
16092025,297,FSI
16092025,302,FSI
16092025,304,FSI
16092025,308,FSI
16092025,314,FSI
16092025,315,FSI
16092025,320,FSI
16092025,344,FSI
16092025,347,SPN
16092025,349,FSI
16092025,353,FSI
16092025,355,FSI
16092025,357,SPN
16092025,362,FSI
16092025,364,FSI
16092025,365,FSI
16092025,366,FSI
16092025,369,SPN
16092025,370,SPN
16092025,372,FSI
16092025,375,FSI
16092025,376,FSI
16092025,378,FSI
16092025,379,FSI
16092025,380,FSI
16092025,383,FSI
16092025,384,FSI
16092025,385,FSI
16092025,386,FSI
16092025,390,FSI
16092025,391,FSI
16092025,392,FSI
16092025,393,FSI
16092025,394,FSI
16092025,397,FSI
16092025,398,SPN
16092025,400,FSI
16092025,406,FSI
16092025,408,FSI
16092025,410,FSI
16092025,411,FSI
16092025,412,FSI
16092025,417,FSI
16092025,418,FSI
16092025,419,FSI
16092025,420,FSI
16092025,421,FSI
16092025,422,FSI
16092025,425,FSI
16092025,431,SPN
16092025,432,FSI
16092025,433,FSI
16092025,434,FSI
16092025,435,FSI
16092025,436,FSI
16092025,437,FSI
16092025,440,FSI
16092025,442,FSI
16092025,443,FSI
16092025,445,FSI
16092025,447,FSI
16092025,449,FSI
16092025,450,FSI
16092025,451,FSI
16092025,453,SPN
16092025,455,FSI
16092025,456,FSI
16092025,457,SPN
16092025,458,FSI
16092025,459,FSI
16092025,461,FSI
16092025,462,FSI
16092025,465,FSI
16092025,466,FSI
16092025,467,FSI
16092025,468,FSI
16092025,470,FSI
16092025,471,FSI
16092025,473,FSI
16092025,477,FSI
16092025,480,SPN
16092025,481,FSI
16092025,482,FSI
16092025,483,FSI
16092025,484,FSI
16092025,486,FSI
16092025,487,FSI
16092025,488,FSI
16092025,490,FSI
16092025,491,FSI
16092025,492,FSI
16092025,493,FSI
16092025,494,FSI
16092025,496,FSI
16092025,497,FSI
16092025,498,FSI
16092025,501,FSI
16092025,502,FSI
16092025,503,FSI
16092025,506,FSI
16092025,513,FSI
16092025,514,FSI
16092025,515,FSI
16092025,517,FSI
16092025,518,SPN
16092025,519,FSI
16092025,520,FSI
16092025,522,FSI
16092025,523,FSI
16092025,524,FSI
16092025,525,FSI
16092025,526,FSI
16092025,532,FSI
16092025,533,FSI
16092025,534,FSI
16092025,535,FSI
16092025,537,FSI
16092025,539,FSI
16092025,541,FSI
16092025,543,FSI
16092025,546,FSI
16092025,548,FSI
16092025,549,FSI
16092025,550,FSI
16092025,551,FSI
16092025,553,FSI
16092025,555,FSI
16092025,556,FSI
16092025,557,FSI
16092025,558,FSI
16092025,559,FSI
16092025,560,FSI
16092025,561,FSI
16092025,563,FSI
16092025,564,FSI
16092025,565,FSI
16092025,570,SPN
16092025,571,SPN
16092025,574,FSI
16092025,577,FSI
16092025,578,SPN
16092025,579,SPN
16092025,580,FSI
16092025,582,FSI
16092025,583,FSI
16092025,586,FSI
16092025,587,SPN
16092025,588,SPN
16092025,589,FSI
16092025,590,FSI
16092025,592,FSI
16092025,594,FSI
16092025,596,FSI
16092025,599,FSI
16092025,602,SPN
16092025,603,FSI
16092025,605,SPN
16092025,606,FSI
16092025,607,FSI
16092025,608,FSI
16092025,610,SPN
16092025,614,FSI
16092025,615,FSI
16092025,616,FSI
16092025,631,FSI
16092025,634,FSI
17092025,0,FSI
17092025,4,FSI
17092025,18,FSI
17092025,19,SPN
17092025,20,FSI
17092025,24,SPN
17092025,26,FSI
17092025,27,FSI
17092025,36,FSI
17092025,47,FSI
17092025,49,SPN
17092025,52,SPN
17092025,53,FSI
17092025,54,FSI
17092025,61,SPN
17092025,62,FSI
17092025,69,FSI
17092025,71,SPN
17092025,72,SPN
17092025,75,FSI
17092025,82,FSI
17092025,83,FSI
17092025,84,SPN
17092025,86,FSI
17092025,89,SPN
17092025,90,FSI
17092025,93,FSI
17092025,96,SPN
17092025,98,SPN
17092025,106,FSI
17092025,107,FSI
17092025,108,FSI
17092025,109,FSI
17092025,110,FSI
17092025,113,FSI
17092025,118,FSI
17092025,126,FSI
17092025,127,FSI
17092025,135,FSI
17092025,138,FSI
17092025,139,FSI
17092025,144,FSI
17092025,147,FSI
17092025,150,FSI
17092025,167,FSI
17092025,185,FSI
17092025,187,FSI
17092025,191,FSI
17092025,192,FSI
17092025,196,FSI
17092025,201,FSI
17092025,202,FSI
17092025,207,FSI
17092025,208,FSI
17092025,210,FSI
17092025,213,FSI
17092025,215,FSI
17092025,221,FSI
17092025,226,FSI
17092025,228,FSI
17092025,229,SPN
17092025,232,FSI
17092025,239,FSI
17092025,242,SPN
17092025,244,FSI
17092025,245,FSI
17092025,246,FSI
17092025,247,FSI
17092025,249,SPN
17092025,250,FSI
17092025,252,FSI
17092025,253,FSI
17092025,255,FSI
17092025,256,FSI
17092025,261,FSI
17092025,262,FSI
17092025,266,FSI
17092025,267,FSI
17092025,268,FSI
17092025,270,FSI
17092025,273,FSI
17092025,280,FSI
17092025,282,FSI
17092025,289,FSI
17092025,299,FSI
17092025,302,FSI
17092025,303,FSI
17092025,310,FSI
17092025,312,SPN
17092025,314,FSI
17092025,315,SPN
17092025,319,FSI
17092025,320,FSI
17092025,321,FSI
17092025,322,FSI
17092025,329,FSI
17092025,331,SPN
17092025,333,FSI
17092025,336,FSI
17092025,337,FSI
17092025,342,FSI
17092025,345,FSI
17092025,356,FSI
17092025,358,FSI
17092025,364,FSI
17092025,369,FSI
17092025,374,FSI
17092025,385,FSI
17092025,392,FSI
17092025,399,FSI
17092025,404,FSI
17092025,408,FSI
17092025,410,FSI
17092025,412,FSI
17092025,413,FSI
17092025,414,FSI
17092025,416,FSI
17092025,417,FSI
17092025,418,FSI
17092025,420,FSI
17092025,423,FSI
17092025,424,FSI
17092025,425,FSI
17092025,426,FSI
17092025,427,FSI
17092025,428,FSI
17092025,429,FSI
17092025,432,FSI
17092025,433,FSI
17092025,435,FSI
17092025,436,FSI
17092025,437,FSI
17092025,438,FSI
17092025,440,FSI
17092025,441,FSI
17092025,442,SPN
17092025,445,FSI
17092025,448,FSI
17092025,449,FSI
17092025,451,FSI
17092025,453,FSI
17092025,458,FSI
17092025,460,FSI
17092025,461,FSI
17092025,462,FSI
17092025,463,FSI
17092025,465,FSI
17092025,466,FSI
17092025,468,FSI
17092025,470,FSI
17092025,471,FSI
17092025,472,FSI
17092025,473,FSI
17092025,474,FSI
17092025,475,FSI
17092025,476,FSI
17092025,477,FSI
17092025,478,FSI
17092025,479,FSI
17092025,480,FSI
17092025,482,FSI
17092025,483,SPN
17092025,485,FSI
17092025,487,FSI
17092025,492,FSI
17092025,493,FSI
17092025,494,FSI
17092025,496,FSI
17092025,498,FSI
17092025,499,FSI
17092025,500,FSI
17092025,501,FSI
17092025,502,FSI
17092025,503,FSI
17092025,505,FSI
17092025,506,FSI
17092025,508,FSI
17092025,509,FSI
17092025,510,FSI
17092025,511,FSI
17092025,513,FSI
17092025,514,FSI
17092025,516,SPN
17092025,518,SPN
17092025,519,FSI
17092025,521,FSI
17092025,522,FSI
17092025,523,FSI
17092025,524,FSI
17092025,525,FSI
17092025,526,FSI
17092025,527,FSI
17092025,528,FSI
17092025,530,FSI
17092025,531,FSI
17092025,532,FSI
17092025,533,FSI
17092025,536,FSI
17092025,537,FSI
17092025,538,FSI
17092025,539,FSI
17092025,540,FSI
17092025,543,FSI
17092025,546,FSI
17092025,547,FSI
17092025,548,FSI
17092025,550,FSI
17092025,551,FSI
17092025,552,FSI
17092025,554,FSI
17092025,556,FSI
17092025,557,FSI
17092025,558,FSI
17092025,560,FSI
17092025,561,FSI
17092025,562,FSI
17092025,563,FSI
17092025,565,FSI
17092025,566,FSI
17092025,567,FSI
17092025,571,FSI
17092025,576,FSI
17092025,578,FSI
17092025,579,FSI
17092025,581,FSI
17092025,582,FSI
17092025,585,FSI
17092025,591,FSI
17092025,593,FSI
17092025,594,FSI
17092025,596,FSI
17092025,602,FSI
17092025,603,FSI
17092025,605,FSI
17092025,606,SPN
17092025,608,FSI
17092025,609,FSI
17092025,610,FSI
17092025,612,SPN
17092025,616,FSI
17092025,618,FSI
17092025,621,SPN
17092025,622,SPN
17092025,623,FSI
17092025,624,FSI
17092025,625,SPN
17092025,626,FSI
17092025,627,FSI
17092025,629,SPN
17092025,630,FSI
17092025,631,SPN
17092025,632,SPN
17092025,640,SPN
17092025,641,SPN
17092025,644,FSI
17092025,645,FSI
17092025,646,SPN
17092025,648,FSI
17092025,649,FSI
17092025,650,FSI
17092025,651,FSI
17092025,655,SPN
17092025,656,FSI
17092025,659,SPN
17092025,662,SPN
17092025,664,SPN
17092025,666,FSI
17092025,669,SPN
19082025,7,SPN
19082025,14,FSI
19082025,15,FSI
19082025,19,FSI
19082025,31,SPN
19082025,36,FSI
19082025,41,FSI
19082025,42,FSI
19082025,43,FSI
19082025,46,FSI
19082025,47,FSI
19082025,48,FSI
19082025,52,FSI
19082025,58,FSI
19082025,61,FSI
19082025,63,FSI
19082025,64,FSI
19082025,65,FSI
19082025,72,FSI
19082025,80,FSI
19082025,81,FSI
19082025,82,SPN
19082025,93,SPN
19082025,95,FSI
19082025,97,SPN
19082025,101,FSI
19082025,102,FSI
19082025,103,FSI
19082025,105,FSI
19082025,106,FSI
19082025,109,FSI
19082025,131,FSI
19082025,142,FSI
19082025,148,FSI
19082025,149,FSI
19082025,153,FSI
19082025,161,FSI
19082025,165,FSI
19082025,167,FSI
19082025,170,FSI
19082025,172,FSI
19082025,176,FSI
19082025,178,FSI
19082025,179,FSI
19082025,180,FSI
19082025,182,FSI
19082025,184,FSI
19082025,185,FSI
19082025,186,FSI
19082025,187,FSI
19082025,188,FSI
19082025,191,SPN
19082025,192,FSI
19082025,196,FSI
19082025,197,FSI
19082025,198,FSI
19082025,202,FSI
19082025,204,FSI
19082025,205,FSI
19082025,207,FSI
19082025,209,FSI
19082025,212,FSI
19082025,213,FSI
19082025,214,FSI
19082025,219,FSI
19082025,222,FSI
19082025,225,FSI
19082025,226,FSI
19082025,230,FSI
19082025,231,SPN
19082025,233,FSI
19082025,234,FSI
19082025,235,FSI
19082025,236,FSI
19082025,239,FSI
19082025,241,FSI
19082025,246,FSI
19082025,247,SPN
19082025,252,SPN
19082025,253,FSI
19082025,254,FSI
19082025,264,FSI
19082025,265,FSI
19082025,266,FSI
19082025,268,FSI
19082025,271,FSI
19082025,274,FSI
19082025,275,FSI
19082025,277,FSI
19082025,278,FSI
19082025,281,FSI
19082025,282,FSI
19082025,284,FSI
19082025,288,SPN
19082025,290,FSI
19082025,291,FSI
19082025,293,FSI
19082025,299,FSI
19082025,301,FSI
19082025,302,FSI
19082025,307,FSI
19082025,308,FSI
19082025,309,FSI
19082025,312,FSI
19082025,322,FSI
19082025,328,FSI
19082025,331,FSI
19082025,332,FSI
19082025,335,FSI
19082025,336,FSI
19082025,338,FSI
19082025,340,FSI
19082025,342,FSI
19082025,344,FSI
19082025,345,FSI
19082025,346,FSI
19082025,347,FSI
19082025,348,FSI
19082025,349,FSI
19082025,351,FSI
19082025,352,FSI
19082025,353,FSI
19082025,354,FSI
19082025,357,FSI
19082025,359,FSI
19082025,360,FSI
19082025,362,FSI
19082025,363,FSI
19082025,364,FSI
19082025,369,FSI
19082025,370,FSI
19082025,372,FSI
19082025,376,FSI
19082025,381,FSI
19082025,382,FSI
19082025,383,SPN
19082025,384,FSI
19082025,386,FSI
19082025,387,FSI
19082025,391,FSI
19082025,394,FSI
19082025,397,FSI
19082025,399,FSI
19082025,402,FSI
19082025,405,SPN
19082025,406,FSI
19082025,407,SPN
19082025,412,FSI
19082025,417,FSI
19082025,418,FSI
19082025,420,FSI
19082025,421,FSI
19082025,422,FSI
19082025,424,SPN
19082025,426,FSI
19082025,427,FSI
19082025,428,FSI
19082025,429,FSI
19082025,430,FSI
19082025,432,FSI
19082025,433,FSI
19082025,436,FSI
19082025,437,FSI
19082025,438,FSI
19082025,439,SPN
19082025,443,FSI
19082025,444,FSI
19082025,446,FSI
19082025,447,FSI
19082025,448,FSI
19082025,449,FSI
19082025,451,SPN
19082025,452,FSI
19082025,453,FSI
19082025,455,FSI
19082025,459,FSI
19082025,460,SPN
19082025,464,FSI
19082025,465,FSI
19082025,466,FSI
19082025,467,FSI
19082025,469,FSI
19082025,470,FSI
19082025,472,FSI
19082025,473,FSI
19082025,474,FSI
19082025,478,FSI
19082025,479,FSI
19082025,480,FSI
19082025,481,FSI
19082025,482,FSI
19082025,483,FSI
19082025,484,FSI
19082025,486,FSI
19082025,487,FSI
19082025,491,SPN
19082025,493,FSI
19082025,495,FSI
19082025,496,FSI
19082025,497,FSI
19082025,499,FSI
19082025,500,FSI
19082025,501,FSI
19082025,502,FSI
19082025,503,FSI
19082025,504,FSI
19082025,505,FSI
19082025,506,FSI
19082025,508,FSI
19082025,510,FSI
19082025,511,FSI
19082025,512,FSI
19082025,513,FSI
19082025,514,FSI
19082025,515,FSI
19082025,517,FSI
19082025,518,FSI
19082025,519,FSI
19082025,521,FSI
19082025,522,FSI
19082025,523,FSI
19082025,524,FSI
19082025,525,SPN
19082025,526,SPN
19082025,527,FSI
19082025,532,FSI
19082025,534,FSI
19082025,535,FSI
19082025,536,FSI
19082025,537,FSI
19082025,538,FSI
19082025,539,FSI
19082025,541,FSI
19082025,542,FSI
19082025,543,FSI
19082025,544,FSI
19082025,545,FSI
19082025,547,FSI
19082025,549,FSI
19082025,550,FSI
19082025,551,FSI
19082025,553,FSI
19082025,555,SPN
19082025,556,FSI
19082025,557,FSI
19082025,558,FSI
19082025,559,FSI
19082025,560,FSI
19082025,564,FSI
19082025,567,FSI
19082025,569,FSI
19082025,570,FSI
19082025,571,FSI
19082025,572,FSI
19082025,573,FSI
19082025,574,FSI
19082025,576,FSI
19082025,577,FSI
19082025,579,FSI
19082025,580,FSI
19082025,584,FSI
19082025,585,FSI
19082025,586,FSI
19082025,587,FSI
19082025,590,FSI
19082025,594,SPN
19082025,597,FSI
19082025,598,FSI
19082025,599,FSI
19082025,601,FSI
19082025,602,FSI
19082025,603,FSI
19082025,605,FSI
19082025,607,FSI
19082025,608,FSI
19082025,611,FSI
19082025,612,FSI
19082025,613,FSI
19082025,616,FSI
19082025,618,FSI
19082025,621,FSI
19082025,622,FSI
19082025,624,FSI
19082025,626,SPN
19082025,627,FSI
19082025,629,FSI
19082025,630,FSI
19082025,631,FSI
19082025,632,FSI
19082025,633,FSI
19082025,634,SPN
19082025,639,SPN
19082025,640,FSI
19082025,642,FSI
19082025,645,FSI
19082025,646,SPN
19082025,649,FSI
19082025,650,FSI
19082025,651,FSI
19082025,652,FSI
19082025,655,FSI
19082025,657,FSI
19082025,659,FSI
19082025,661,FSI
19082025,663,FSI
19082025,665,FSI
19082025,666,FSI
19082025,668,FSI
19082025,672,FSI
19082025,673,FSI
19082025,674,FSI
19082025,675,FSI
19082025,676,FSI
19082025,679,FSI
19082025,682,FSI
19082025,683,SPN
25072025,19,FSI
25072025,20,FSI
25072025,21,SPN
25072025,22,FSI
25072025,23,SPN
25072025,25,FSI
25072025,27,SPN
25072025,38,FSI
25072025,57,SPN
25072025,58,FSI
25072025,60,FSI
25072025,61,FSI
25072025,64,FSI
25072025,66,FSI
25072025,83,FSI
25072025,89,FSI
25072025,122,SPN
25072025,129,SPN
25072025,133,SPN
25072025,137,FSI
25072025,138,FSI
25072025,142,FSI
25072025,145,FSI
25072025,151,FSI
25072025,154,FSI
25072025,160,FSI
25072025,171,FSI
25072025,173,FSI
25072025,176,FSI
25072025,185,SPN
25072025,186,FSI
25072025,198,SPN
25072025,218,SPN
25072025,242,FSI
25072025,244,SPN
25072025,248,FSI
25072025,249,FSI
25072025,250,FSI
25072025,251,FSI
25072025,255,FSI
25072025,260,FSI
25072025,262,FSI
25072025,263,FSI
25072025,265,FSI
25072025,266,FSI
25072025,272,FSI
25072025,274,FSI
25072025,277,FSI
25072025,294,SPN
25072025,295,FSI
25072025,311,SPN
25072025,321,FSI
25072025,329,FSI
25072025,335,FSI
25072025,348,FSI
25072025,350,FSI
25072025,357,FSI
25072025,358,FSI
25072025,359,FSI
25072025,361,FSI
25072025,365,FSI
25072025,367,FSI
25072025,373,FSI
25072025,377,FSI
25072025,386,FSI
25072025,387,FSI
25072025,390,FSI
25072025,393,FSI
25072025,394,SPN
25072025,398,SPN
25072025,399,FSI
25072025,400,FSI
25072025,404,FSI
25072025,405,SPN
25072025,416,SPN
25072025,429,SPN
25072025,430,SPN
25072025,437,SPN
25072025,443,FSI
25072025,451,SPN
27062025,11,SPN
27062025,33,SPN
27062025,34,SPN
27062025,39,SPN
27062025,41,SPN
27062025,58,SPN
27062025,75,FSI
27062025,81,SPN
27062025,82,SPN
27062025,94,SPN
27062025,102,FSI
27062025,123,FSI
27062025,125,SPN
27062025,142,SPN
27062025,148,SPN
27062025,155,FSI
27062025,161,SPN
27062025,174,SPN
27062025,175,SPN
27062025,188,SPN
27062025,190,SPN
27062025,199,SPN
27062025,209,SPN
27062025,217,SPN
27062025,230,SPN
27062025,234,SPN
27062025,237,SPN
27062025,279,SPN
27062025,289,SPN
27062025,299,SPN
27062025,306,SPN
27062025,307,SPN
27062025,310,SPN
27062025,317,SPN
27062025,323,SPN
27062025,328,SPN
27062025,338,SPN
27062025,351,FSI
27062025,354,SPN
27062025,355,SPN
27062025,366,SPN
27062025,369,SPN
27062025,377,FSI
27062025,397,SPN
27062025,399,SPN
27062025,404,FSI
27062025,406,SPN
27062025,411,SPN
27062025,430,SPN
27062025,437,SPN
27062025,446,SPN
27062025,457,SPN
27062025,473,FSI
27062025,476,FSI
27062025,478,FSI
27062025,480,FSI
27062025,482,FSI
27062025,491,FSI
27082025,2,FSI
27082025,3,FSI
27082025,4,FSI
27082025,7,FSI
27082025,8,FSI
27082025,14,FSI
27082025,40,FSI
27082025,42,FSI
27082025,47,FSI
27082025,48,FSI
27082025,50,FSI
27082025,51,FSI
27082025,54,FSI
27082025,55,FSI
27082025,67,FSI
27082025,72,FSI
27082025,76,FSI
27082025,77,FSI
27082025,79,SPN
27082025,83,FSI
27082025,84,FSI
27082025,86,SPN
27082025,87,FSI
27082025,92,FSI
27082025,94,FSI
27082025,95,SPN
27082025,100,FSI
27082025,104,FSI
27082025,106,FSI
27082025,107,FSI
27082025,109,FSI
27082025,113,FSI
27082025,114,FSI
27082025,115,FSI
27082025,119,FSI
27082025,122,SPN
27082025,125,FSI
27082025,126,FSI
27082025,131,SPN
27082025,143,FSI
27082025,151,FSI
27082025,157,FSI
27082025,168,FSI
27082025,174,FSI
27082025,184,FSI
27082025,189,FSI
27082025,190,SPN
27082025,191,FSI
27082025,192,FSI
27082025,193,FSI
27082025,194,FSI
27082025,195,FSI
27082025,198,FSI
27082025,201,FSI
27082025,203,FSI
27082025,207,FSI
27082025,213,FSI
27082025,215,SPN
27082025,222,FSI
27082025,237,FSI
27082025,242,FSI
27082025,246,FSI
27082025,251,FSI
27082025,255,FSI
27082025,256,FSI
27082025,257,SPN
27082025,258,FSI
27082025,261,SPN
27082025,262,FSI
27082025,264,FSI
27082025,265,FSI
27082025,266,FSI
27082025,267,FSI
27082025,269,FSI
27082025,270,FSI
27082025,275,FSI
27082025,276,FSI
27082025,279,FSI
27082025,280,FSI
27082025,282,FSI
27082025,284,FSI
27082025,288,FSI
27082025,289,FSI
27082025,291,FSI
27082025,310,FSI
27082025,313,FSI
27082025,314,FSI
27082025,315,FSI
27082025,317,SPN
27082025,318,FSI
27082025,319,FSI
27082025,320,FSI
27082025,322,FSI
27082025,324,FSI
27082025,327,FSI
27082025,328,FSI
27082025,330,FSI
27082025,333,FSI
27082025,335,FSI
27082025,337,FSI
27082025,340,FSI
27082025,341,FSI
27082025,342,FSI
27082025,346,FSI
27082025,348,FSI
27082025,349,FSI
27082025,350,FSI
27082025,351,FSI
27082025,354,FSI
27082025,355,FSI
27082025,357,FSI
27082025,359,FSI
27082025,361,FSI
27082025,365,FSI
27082025,366,FSI
27082025,367,FSI
27082025,368,FSI
27082025,369,FSI
27082025,370,FSI
27082025,371,FSI
27082025,378,FSI
27082025,379,FSI
27082025,380,FSI
27082025,382,SPN
27082025,385,SPN
27082025,392,FSI
27082025,394,SPN
27082025,395,FSI
27082025,397,FSI
27082025,400,SPN
27082025,401,FSI
27082025,406,FSI
27082025,407,FSI
27082025,410,FSI
27082025,413,FSI
27082025,414,FSI
27082025,415,FSI
27082025,417,FSI
27082025,419,FSI
27082025,420,FSI
27082025,426,FSI
27082025,427,FSI
27082025,430,FSI
27082025,432,FSI
27082025,433,FSI
27082025,434,FSI
27082025,435,FSI
27082025,437,FSI
27082025,438,FSI
27082025,439,FSI
27082025,440,FSI
27082025,441,FSI
27082025,442,FSI
27082025,444,FSI
27082025,445,FSI
27082025,446,FSI
27082025,447,FSI
27082025,448,FSI
27082025,449,FSI
27082025,450,SPN
27082025,452,FSI
27082025,455,FSI
27082025,456,FSI
27082025,457,FSI
27082025,461,FSI
27082025,462,FSI
27082025,463,SPN
27082025,464,FSI
27082025,467,FSI
27082025,473,FSI
27082025,474,SPN
27082025,475,FSI
27082025,479,FSI
27082025,480,FSI
27082025,482,FSI
27082025,483,SPN
27082025,484,FSI
27082025,485,FSI
27082025,486,FSI
27082025,489,FSI
27082025,492,FSI
27082025,494,FSI
27082025,496,FSI
27082025,497,SPN
27082025,502,FSI
27082025,503,FSI
27082025,504,FSI
27082025,507,FSI
27082025,514,FSI
27082025,515,FSI
27082025,517,FSI
27082025,518,FSI
27082025,519,FSI
27082025,523,FSI
27082025,525,FSI
27082025,527,FSI
27082025,529,FSI
27082025,530,FSI
27082025,531,FSI
27082025,532,FSI
27082025,533,FSI
27082025,535,FSI
27082025,536,FSI
27082025,539,FSI
27082025,542,SPN
27082025,543,FSI
27082025,544,FSI
27082025,550,FSI
27082025,552,FSI
27082025,553,SPN
27082025,558,SPN
27082025,559,SPN
27082025,560,SPN
27082025,561,FSI
27082025,566,FSI
27082025,571,FSI
27082025,574,FSI
27082025,578,FSI
27082025,579,FSI
28082025,7,FSI
28082025,8,FSI
28082025,10,FSI
28082025,12,SPN
28082025,13,SPN
28082025,17,SPN
28082025,26,FSI
28082025,42,FSI
28082025,43,FSI
28082025,47,FSI
28082025,50,FSI
28082025,54,FSI
28082025,60,FSI
28082025,63,FSI
28082025,65,FSI
28082025,67,FSI
28082025,69,FSI
28082025,72,FSI
28082025,81,SPN
28082025,84,FSI
28082025,85,FSI
28082025,86,FSI
28082025,89,FSI
28082025,90,FSI
28082025,91,FSI
28082025,98,FSI
28082025,101,FSI
28082025,102,FSI
28082025,108,SPN
28082025,109,FSI
28082025,110,SPN
28082025,128,FSI
28082025,132,FSI
28082025,145,SPN
28082025,148,FSI
28082025,153,FSI
28082025,155,FSI
28082025,156,FSI
28082025,158,FSI
28082025,165,FSI
28082025,168,FSI
28082025,169,FSI
28082025,172,FSI
28082025,175,SPN
28082025,178,FSI
28082025,179,FSI
28082025,180,FSI
28082025,181,FSI
28082025,183,FSI
28082025,190,FSI
28082025,193,FSI
28082025,195,FSI
28082025,212,FSI
28082025,214,FSI
28082025,216,SPN
28082025,218,FSI
28082025,219,FSI
28082025,226,SPN
28082025,235,FSI
28082025,237,FSI
28082025,241,FSI
28082025,242,FSI
28082025,244,FSI
28082025,245,FSI
28082025,246,FSI
28082025,248,FSI
28082025,251,FSI
28082025,252,FSI
28082025,253,FSI
28082025,254,FSI
28082025,256,FSI
28082025,257,FSI
28082025,259,SPN
28082025,260,FSI
28082025,262,FSI
28082025,263,FSI
28082025,264,FSI
28082025,265,FSI
28082025,270,FSI
28082025,273,FSI
28082025,274,FSI
28082025,275,FSI
28082025,276,FSI
28082025,277,FSI
28082025,279,FSI
28082025,280,FSI
28082025,281,FSI
28082025,283,FSI
28082025,284,FSI
28082025,285,FSI
28082025,286,FSI
28082025,287,FSI
28082025,295,FSI
28082025,308,FSI
28082025,309,FSI
28082025,311,FSI
28082025,317,FSI
28082025,319,FSI
28082025,321,FSI
28082025,322,SPN
28082025,323,FSI
28082025,327,FSI
28082025,328,FSI
28082025,329,FSI
28082025,334,FSI
28082025,336,FSI
28082025,337,FSI
28082025,339,FSI
28082025,340,FSI
28082025,341,FSI
28082025,342,FSI
28082025,343,FSI
28082025,344,FSI
28082025,347,FSI
28082025,348,FSI
28082025,350,FSI
28082025,351,FSI
28082025,353,FSI
28082025,354,SPN
28082025,356,FSI
28082025,368,FSI
28082025,371,FSI
28082025,374,FSI
28082025,382,SPN
28082025,385,FSI
28082025,386,FSI
28082025,387,FSI
28082025,389,FSI
28082025,390,FSI
28082025,391,FSI
28082025,393,FSI
28082025,394,SPN
28082025,395,FSI
28082025,396,FSI
28082025,398,FSI
28082025,399,FSI
28082025,401,FSI
28082025,402,FSI
28082025,405,FSI
28082025,408,FSI
28082025,410,FSI
28082025,413,FSI
28082025,415,FSI
28082025,417,FSI
28082025,418,FSI
28082025,419,FSI
28082025,420,FSI
28082025,422,FSI
28082025,428,FSI
28082025,429,FSI
28082025,431,FSI
28082025,433,FSI
28082025,435,FSI
28082025,436,FSI
28082025,437,FSI
28082025,440,FSI
28082025,441,FSI
28082025,442,FSI
28082025,443,FSI
28082025,444,FSI
28082025,451,FSI
28082025,452,FSI
28082025,454,FSI
28082025,455,FSI
28082025,457,FSI
28082025,461,SPN
28082025,463,FSI
28082025,464,FSI
28082025,468,FSI
28082025,469,FSI
28082025,470,FSI
28082025,471,FSI
28082025,472,FSI
28082025,476,FSI
28082025,477,FSI
28082025,478,FSI
28082025,479,FSI
28082025,482,FSI
28082025,483,FSI
28082025,484,FSI
28082025,486,FSI
28082025,488,SPN
28082025,491,FSI
28082025,492,FSI
28082025,493,FSI
28082025,494,FSI
28082025,497,FSI
28082025,499,SPN
28082025,500,FSI
28082025,501,FSI
28082025,504,FSI
28082025,506,FSI
28082025,508,FSI
28082025,509,FSI
28082025,511,FSI
28082025,518,FSI
28082025,519,FSI
28082025,522,FSI
28082025,523,FSI
28082025,524,FSI
28082025,525,FSI
28082025,526,FSI
28082025,529,FSI
28082025,530,FSI
28082025,533,FSI
28082025,535,FSI
28082025,538,FSI
28082025,540,FSI
28082025,541,SPN
28082025,542,FSI
28082025,547,SPN
28082025,549,FSI
28082025,552,FSI
28082025,555,FSI
28082025,556,FSI
28082025,558,FSI
28082025,559,FSI
28082025,560,SPN
28082025,562,FSI
28082025,563,FSI
28082025,566,FSI
28082025,570,FSI
29082025,9,FSI
29082025,10,FSI
29082025,20,SPN
29082025,28,SPN
29082025,34,SPN
29082025,39,FSI
29082025,47,FSI
29082025,49,FSI
29082025,55,FSI
29082025,59,FSI
29082025,61,FSI
29082025,77,FSI
29082025,88,FSI
29082025,94,FSI
29082025,101,FSI
29082025,104,FSI
29082025,117,FSI
29082025,118,FSI
29082025,124,FSI
29082025,131,FSI
29082025,134,SPN
29082025,139,SPN
29082025,144,FSI
29082025,154,FSI
29082025,165,FSI
29082025,168,FSI
29082025,172,FSI
29082025,174,FSI
29082025,195,FSI
29082025,200,FSI
29082025,213,FSI
29082025,214,FSI
29082025,226,SPN
29082025,228,FSI
29082025,242,SPN
29082025,244,FSI
29082025,245,SPN
29082025,247,FSI
29082025,250,SPN
29082025,255,SPN
29082025,259,FSI
29082025,264,FSI
29082025,265,FSI
29082025,266,FSI
29082025,268,FSI
29082025,269,FSI
29082025,273,FSI
29082025,274,FSI
29082025,275,FSI
29082025,276,FSI
29082025,278,FSI
29082025,280,FSI
29082025,282,FSI
29082025,283,FSI
29082025,286,FSI
29082025,289,FSI
29082025,293,FSI
29082025,296,FSI
29082025,298,FSI
29082025,299,FSI
29082025,300,FSI
29082025,301,FSI
29082025,302,FSI
29082025,305,FSI
29082025,306,FSI
29082025,308,FSI
29082025,309,FSI
29082025,311,FSI
29082025,314,FSI
29082025,316,FSI
29082025,317,FSI
29082025,318,FSI
29082025,322,FSI
29082025,323,SPN
29082025,324,FSI
29082025,325,FSI
29082025,326,FSI
29082025,336,FSI
29082025,340,FSI
29082025,342,FSI
29082025,354,FSI
29082025,355,FSI
29082025,357,FSI
29082025,361,FSI
29082025,367,FSI
29082025,368,FSI
29082025,370,FSI
29082025,371,FSI
29082025,377,FSI
29082025,381,FSI
29082025,384,FSI
29082025,385,FSI
29082025,390,FSI
29082025,393,FSI
29082025,396,FSI
29082025,397,FSI
29082025,399,FSI
29082025,400,FSI
29082025,403,FSI
29082025,404,SPN
29082025,405,SPN
29082025,417,FSI
29082025,418,FSI
29082025,419,FSI
29082025,420,FSI
29082025,421,FSI
29082025,422,FSI
29082025,424,FSI
29082025,426,FSI
29082025,427,FSI
29082025,433,FSI
29082025,435,FSI
29082025,437,FSI
29082025,441,FSI
29082025,443,FSI
29082025,445,FSI
29082025,446,FSI
29082025,447,FSI
29082025,448,FSI
29082025,449,FSI
29082025,451,SPN
29082025,452,FSI
29082025,455,FSI
29082025,456,FSI
29082025,457,FSI
29082025,459,FSI
29082025,460,FSI
29082025,463,FSI
29082025,464,FSI
29082025,467,FSI
29082025,468,FSI
29082025,469,FSI
29082025,473,FSI
29082025,474,FSI
29082025,475,FSI
29082025,476,FSI
29082025,477,FSI
29082025,478,FSI
29082025,479,FSI
29082025,481,FSI
29082025,482,FSI
29082025,492,FSI
29082025,493,FSI
29082025,498,SPN
29082025,500,SPN
29082025,502,FSI
29082025,504,FSI
29082025,509,FSI
29082025,510,SPN
29082025,511,FSI
29082025,512,FSI
29082025,513,FSI
29082025,516,FSI
29082025,520,FSI
29082025,523,FSI
29082025,529,FSI
29082025,530,FSI
29082025,535,FSI
29082025,536,FSI
29082025,539,FSI
29082025,546,FSI
29082025,547,SPN
29082025,548,FSI
29082025,549,FSI
29082025,552,FSI
29082025,553,FSI
29082025,555,SPN
29082025,560,FSI
29082025,561,FSI
29082025,562,FSI
29082025,564,SPN
29082025,566,SPN
29082025,570,FSI
29082025,573,FSI
29082025,574,FSI
29082025,577,FSI
29082025,582,SPN
29082025,584,SPN
29082025,586,SPN
29082025,591,FSI
29082025,592,FSI
29082025,594,FSI
29082025,595,FSI
29082025,603,FSI
