subject,session,unit,interp_fwhm,base_hz,change_on,hit_ramp,fa_ramp,pct_diseng
BG_031,BG_031_01052025,3,0.0677719829276668,13.84366576819407,-0.032345013477089,4.2540880503144685,1.6111111111111125,14.925373134328357
BG_031,BG_031_01052025,29,0.0704155397421245,21.47708894878706,2.341778975741242,7.881761006289306,7.0,14.925373134328357
BG_031,BG_031_01052025,43,0.0622002881367111,14.73854447439353,0.95956873315364,9.891823899371069,7.499999999999998,14.925373134328357
BG_031,BG_031_01052025,61,0.1940905610978364,44.40970350404312,1.069541778975747,11.401257861635225,18.666666666666664,14.925373134328357
BG_031,BG_031_01052025,74,0.2157346756621199,27.91374663072776,1.0673854447439377,28.08301886792453,21.194444444444446,14.925373134328357
BG_031,BG_031_01052025,83,0.1246691201844107,15.40700808625337,0.562803234501347,-0.6968553459119473,4.083333333333334,14.925373134328357
BG_031,BG_031_01052025,96,0.0992952162877804,7.266846361185983,1.6840970350404325,5.632704402515724,4.208333333333333,14.925373134328357
BG_031,BG_031_01052025,114,0.08490211087296,4.840970350404312,-0.5239892183288406,-1.3660377358490567,-1.2638888888888893,14.925373134328357
BG_031,BG_031_01052025,167,0.0834183141937152,20.36657681940701,2.0938005390835563,17.620125786163527,24.652777777777786,14.925373134328357
BG_031,BG_031_01052025,192,0.2576574445880602,23.849056603773583,0.3924528301886809,7.18490566037736,7.388888888888889,14.925373134328357
BG_031,BG_031_01052025,240,0.0644524510063481,2.1563342318059298,0.002156334231806,-0.083018867924528,-0.0555555555555553,14.925373134328357
BG_031,BG_031_01052025,347,0.0822383196545088,12.021563342318055,0.9293800539083588,7.69308176100629,7.069444444444446,14.925373134328357
BG_031,BG_031_01052025,373,0.077103424761168,1.908355795148248,-0.5196765498652289,-0.7622641509433963,-0.0277777777777776,14.925373134328357
BG_031,BG_031_01052025,417,0.0859816892423645,14.619946091644204,0.6706199460916444,1.4641509433962252,3.388888888888891,14.925373134328357
BG_031,BG_031_01052025,506,0.1571997830077549,9.520215633423176,1.8156334231805964,11.255345911949687,13.138888888888893,14.925373134328357
BG_031,BG_031_01052025,508,0.1350969846884849,14.177897574123987,-0.1099730458221017,3.549685534591198,3.180555555555556,14.925373134328357
BG_031,BG_031_01052025,536,0.062084145552728,9.358490566037736,0.3622641509433961,3.1874213836477985,0.916666666666666,14.925373134328357
BG_031,BG_031_01052025,609,0.1102491740737088,8.91644204851752,-2.229649595687332,-3.3811320754716983,-4.694444444444444,14.925373134328357
BG_031,BG_031_02042025,18,0.1143565123029019,16.806722689075627,0.7462184873949624,2.705882352941177,1.2450980392156872,3.1070195627157653
BG_031,BG_031_02042025,79,0.1012902055223125,12.089635854341736,-0.7014005602240889,-1.9869281045751617,0.014705882352942,3.1070195627157653
BG_031,BG_031_02042025,80,0.1402650309399696,15.540616246498598,-1.4229691876750683,-2.3320261437908503,0.6372549019607874,3.1070195627157653
BG_031,BG_031_02042025,92,0.1178673621530695,12.638655462184872,2.29467787114846,4.386928104575166,2.245098039215689,3.1070195627157653
BG_031,BG_031_02042025,157,0.4647787810797734,32.11204481792716,3.49579831932774,3.252287581699342,2.32352941176471,3.1070195627157653
BG_031,BG_031_02042025,269,0.2389344787686685,21.23249299719888,2.892997198879552,8.873202614379089,10.475490196078436,3.1070195627157653
BG_031,BG_031_02042025,312,0.1134311801460594,10.834733893557422,1.7142857142857153,6.993464052287585,4.975490196078434,3.1070195627157653
BG_031,BG_031_02042025,327,0.0679392633157298,20.5266106442577,-0.6521008403361321,-3.840522875816992,-4.3578431372549,3.1070195627157653
BG_031,BG_031_02042025,388,0.0829905836627753,1.7815126050420165,0.7910364145658269,2.169934640522876,0.6740196078431375,3.1070195627157653
BG_031,BG_031_02042025,417,0.54662192512881,35.081232492997195,4.244257703081239,13.367320261437918,13.034313725490197,3.1070195627157653
BG_031,BG_031_02042025,425,0.2181236477637207,22.6218487394958,2.6330532212885203,3.304575163398696,2.274509803921564,3.1070195627157653
BG_031,BG_031_02042025,461,0.1657604740291283,23.787114845938373,-1.7792717086834706,-0.3581699346405216,0.0612745098039191,3.1070195627157653
BG_031,BG_031_02042025,524,0.1263124007896344,13.725490196078429,0.5490196078431406,3.665359477124184,3.2205882352941178,3.1070195627157653
BG_031,BG_031_02042025,525,0.376586132686772,28.57142857142857,-1.4969187675069977,-6.58300653594771,-9.656862745098037,3.1070195627157653
BG_031,BG_031_050325,305,0.0728308778061258,8.048289738430583,-0.7243460764587519,0.4319248826291071,-3.153846153846154,47.4964234620887
BG_031,BG_031_050325,610,0.2038950134398875,4.788732394366196,0.4507042253521138,1.530516431924883,0.5897435897435903,47.4964234620887
BG_031,BG_031_070325,170,0.1017612224469115,18.050734312416555,1.5380507343124172,6.563862928348911,4.057613168724277,6.605691056910569
BG_031,BG_031_070325,243,0.0714070895518386,45.70093457943924,2.2803738317757123,8.626168224299072,9.453497942386823,6.605691056910569
BG_031,BG_031_070325,394,0.0670988325926413,9.86648865153538,-1.0253671562082758,-2.3676012461059184,-2.023045267489712,6.605691056910569
BG_031,BG_031_070325,430,0.1043141321494125,17.583444592790386,2.248331108144193,5.666666666666664,0.3061728395061713,6.605691056910569
BG_031,BG_031_070325,497,0.0830980009910857,21.81575433911883,-0.8437917222963982,0.6542056074766371,-0.7687242798353893,6.605691056910569
BG_031,BG_031_070325,500,0.0277942331070682,2.002670226969292,0.4085447263017361,0.0373831775700934,-0.0345679012345674,6.605691056910569
BG_031,BG_031_08042025,51,0.1706711071018302,14.241758241758244,3.942857142857141,3.348717948717951,4.081095313322802,0.0
BG_031,BG_031_08042025,74,0.1093665213726582,13.296703296703296,-1.358241758241757,0.9846153846153848,0.2864665613480781,0.0
BG_031,BG_031_08042025,94,0.1547973600987614,11.8021978021978,3.090109890109892,3.3179487179487186,3.6292785676671935,0.0
BG_031,BG_031_08042025,111,0.1986345755736389,17.098901098901095,5.054945054945058,3.312820512820516,3.558715113217485,0.0
BG_031,BG_031_08042025,148,0.0276024100064292,17.736263736263734,-0.659340659340657,-0.8974358974358978,-0.7814639283833564,0.0
BG_031,BG_031_08042025,203,0.1094001584771074,14.571428571428571,0.4439560439560441,2.68717948717949,2.2032648762506586,0.0
BG_031,BG_031_08042025,217,0.0591453448852394,11.340659340659338,0.93626373626374,4.333333333333334,0.9636650868878344,0.0
BG_031,BG_031_08042025,239,0.0757906089390168,14.967032967032964,3.432967032967035,3.420512820512821,2.0863612427593505,0.0
BG_031,BG_031_08042025,261,0.1394763920123549,13.47252747252747,0.8659340659340682,0.9641025641025642,0.907846234860454,0.0
BG_031,BG_031_08042025,316,0.1908703880668951,6.021978021978021,-0.1142857142857129,1.0820512820512826,1.3417588204318074,0.0
BG_031,BG_031_08042025,360,0.1545475580243067,20.285714285714285,2.052747252747253,6.492307692307691,2.067403896787788,0.0
BG_031,BG_031_08042025,427,0.2917624148150122,19.208791208791208,3.43736263736264,0.7128205128205174,4.71195365982096,0.0
BG_031,BG_031_08042025,438,0.149945811029487,1.3186813186813189,-0.5802197802197802,-0.9076923076923076,-0.3854660347551344,0.0
BG_031,BG_031_08042025,498,0.0737127123941312,14.65934065934066,0.8175824175824165,-0.651282051282049,0.2043180621379683,0.0
BG_031,BG_031_09042025,35,0.1037954917684458,29.79822437449556,2.9249394673123525,4.719397363465163,2.570105820105823,0.5197505197505198
BG_031,BG_031_09042025,37,0.0604255979365284,8.135593220338981,0.9039548022598892,1.634651600753295,0.5820105820105823,0.5197505197505198
BG_031,BG_031_09042025,73,0.1648831874504943,25.37530266343825,0.3196125907990357,5.732580037664782,6.985449735449738,0.5197505197505198
BG_031,BG_031_09042025,74,0.0964570514699754,17.14285714285714,1.1396287328490755,0.5047080979284395,0.093915343915345,0.5197505197505198
BG_031,BG_031_09042025,113,0.090414276973912,6.408393866020984,2.6085552865213897,-0.6064030131826739,0.6309523809523823,0.5197505197505198
BG_031,BG_031_09042025,125,0.356753416239668,12.058111380145276,6.179176755447944,4.259887005649716,5.555555555555557,0.5197505197505198
BG_031,BG_031_09042025,155,0.1707898659842208,17.853107344632765,2.9152542372881385,0.9868173258003772,0.472222222222225,0.5197505197505198
BG_031,BG_031_09042025,187,0.1006848261671786,16.01291364003228,2.3599677158999235,2.327683615819208,3.411375661375658,0.5197505197505198
BG_031,BG_031_09042025,266,0.0569546605998865,0.7102502017756253,-0.0774818401937043,-0.1694915254237288,-0.1203703703703703,0.5197505197505198
BG_031,BG_031_09042025,365,0.0880374151485612,1.7917675544794187,0.6941081517352707,2.16195856873823,0.5502645502645502,0.5197505197505198
BG_031,BG_031_09042025,376,0.2397058480186632,8.167877320419693,1.594834543987087,3.178907721280602,1.9523809523809528,0.5197505197505198
BG_031,BG_031_09042025,423,0.0701462238744292,14.995964487489909,3.2639225181598075,6.7909604519774,2.343915343915341,0.5197505197505198
BG_031,BG_031_09052025,8,0.0710121626490603,16.995073891625612,-1.8916256157635427,1.080459770114942,1.744791666666666,2.1645021645021645
BG_031,BG_031_09052025,19,0.0730802826811215,15.24630541871921,4.270935960591135,1.0689655172413772,0.0885416666666678,2.1645021645021645
BG_031,BG_031_09052025,27,0.2442574031648642,7.192118226600986,1.7733990147783238,1.626436781609196,2.281250000000001,2.1645021645021645
BG_031,BG_031_09052025,40,0.203590978359022,20.763546798029548,3.891625615763555,2.936781609195407,2.649305555555557,2.1645021645021645
BG_031,BG_031_09052025,66,0.361969579589983,33.07881773399015,3.334975369458128,9.258620689655164,12.979166666666668,2.1645021645021645
BG_031,BG_031_09052025,84,0.084675423464722,8.52216748768473,0.5123152709359609,1.614942528735634,2.145833333333335,2.1645021645021645
BG_031,BG_031_09052025,88,0.1772967658861888,24.778325123152705,-0.6059113300492562,2.2241379310344875,-0.0520833333333321,2.1645021645021645
BG_031,BG_031_09052025,108,0.0898727638181183,22.783251231527093,3.0098522167487687,9.448275862068964,-0.7256944444444429,2.1645021645021645
BG_031,BG_031_09052025,131,0.1021497459062564,11.798029556650247,3.0640394088669947,4.063218390804599,3.1944444444444446,2.1645021645021645
BG_031,BG_031_09052025,148,0.0258321865365055,32.463054187192114,-1.73891625615763,3.1436781609195457,2.215277777777782,2.1645021645021645
BG_031,BG_031_09052025,177,0.1908438857091385,23.004926108374384,2.236453201970445,9.402298850574716,11.727430555555554,2.1645021645021645
BG_031,BG_031_09052025,368,0.0896737413206021,1.45320197044335,1.3399014778325122,2.471264367816092,1.2083333333333337,2.1645021645021645
BG_031,BG_031_09052025,415,0.0596287667067816,7.9064039408866975,-0.4581280788177322,-0.2643678160919549,0.7465277777777777,2.1645021645021645
BG_031,BG_031_09052025,425,0.2042783198123766,19.67980295566502,2.9408866995073915,9.500000000000004,12.086805555555554,2.1645021645021645
BG_031,BG_031_09052025,452,0.0662111530496244,6.625615763546797,-0.2118226600985213,1.0229885057471266,2.520833333333334,2.1645021645021645
BG_031,BG_031_09052025,473,0.1070669530993928,16.25615763546798,0.8817733990147794,2.5229885057471275,0.9982638888888892,2.1645021645021645
BG_031,BG_031_09052025,479,0.1939865381568659,18.07881773399015,-0.492610837438427,0.1666666666666643,2.65625,2.1645021645021645
BG_031,BG_031_09052025,482,0.1420309307096882,3.719211822660098,-0.4778325123152704,-0.7988505747126426,-1.7447916666666663,2.1645021645021645
BG_031,BG_031_09052025,531,0.0874535507010491,12.093596059113302,0.2857142857142829,0.2011494252873582,-0.2361111111111089,2.1645021645021645
BG_031,BG_031_100325,58,0.0643030464762347,12.687880839539606,0.6580907244414362,-0.48341232227488,-1.168124392614187,12.5
BG_031,BG_031_100325,75,0.0936776060716673,0.9614082599864592,-0.3168584969532837,-0.2180094786729858,-0.8046647230320699,12.5
BG_031,BG_031_100325,113,0.0787397077453767,9.803656059580227,1.684495599187544,5.766192733017379,2.886297376093294,12.5
BG_031,BG_031_100325,380,0.0782917624622591,2.423832092078537,1.159106296547055,1.1563981042654028,0.6258503401360547,12.5
BG_031,BG_031_100325,426,0.0720716558254648,1.0155721056194988,0.1597833446174679,0.2022116903633493,0.0291545189504376,12.5
BG_031,BG_031_100325,556,0.2385202268196757,7.935003385240351,3.4583615436696027,5.712480252764616,6.2468415937803705,12.5
BG_031,BG_031_110325,34,0.1562986193386817,11.316770186335404,0.1267080745341608,7.272463768115941,8.93270735524257,13.020833333333334
BG_031,BG_031_110325,376,0.0738263107832803,15.527950310559008,2.159006211180124,7.182608695652172,2.782472613458524,13.020833333333334
BG_031,BG_031_110325,438,0.1158570462862322,18.322981366459626,-0.2012422360248429,-2.7014492753623163,-1.1079812206572797,13.020833333333334
BG_031,BG_031_110325,496,0.0786597152408619,4.645962732919254,0.2583850931677025,0.2811594202898542,0.2190923317683868,13.020833333333334
BG_031,BG_031_110325,518,0.2841202986609644,1.8633540372670807,0.8322981366459627,3.0840579710144933,2.4162754303599376,13.020833333333334
BG_031,BG_031_120325,0,0.0786188724393826,28.52961672473868,-0.7247386759581893,-1.6878048780487802,1.1031307550644591,0.0
BG_031,BG_031_120325,6,0.152843790148157,18.55052264808362,0.5128919860627192,1.1252032520325166,1.2062615101289111,0.0
BG_031,BG_031_120325,45,0.0563307651139266,27.233449477351908,2.0738675958188253,1.895934959349592,1.5377532228360984,0.0
BG_031,BG_031_120325,114,0.0732594982627888,25.86759581881533,2.503135888501742,0.6991869918699187,5.471454880294658,0.0
BG_031,BG_031_120325,252,0.3905527160881072,38.38327526132404,1.8313588850174227,12.40325203252032,10.68692449355433,0.0
BG_031,BG_031_120325,279,0.1570989912683219,22.32752613240418,0.7163763066202087,2.029268292682925,1.1639042357274434,0.0
BG_031,BG_031_120325,287,0.0556796800350958,0.5993031358885016,0.0836236933797911,0.048780487804878,-0.2559852670349907,0.0
BG_031,BG_031_120325,340,0.1091131829974495,0.7526132404181184,1.237630662020906,1.8276422764227649,0.556169429097606,0.0
BG_031,BG_031_120325,353,0.2751297305025103,2.4250871080139373,2.745644599303136,1.3626016260162603,1.5893186003683248,0.0
BG_031,BG_031_120325,362,0.3335306297640328,3.59581881533101,3.8968641114982585,3.577235772357725,4.057090239410682,0.0
BG_031,BG_031_120325,369,0.0929524846934187,4.05574912891986,0.373519163763067,0.9788617886178868,0.2191528545119716,0.0
BG_031,BG_031_120325,376,0.1176844675305266,19.595818815331008,2.570034843205576,1.837398373983742,4.057090239410682,0.0
BG_031,BG_031_120325,388,0.1287661143612706,9.337979094076651,1.10104529616725,-0.5560975609756085,0.3867403314917137,0.0
BG_031,BG_031_120325,424,0.1945636462297003,20.54355400696864,0.490592334494778,-0.7577235772357724,-0.7918968692449333,0.0
BG_031,BG_031_120325,437,0.2078875935368922,38.22996515679442,5.535888501742164,4.419512195121953,8.453038674033145,0.0
BG_031,BG_031_120325,524,0.1093106266458501,12.195121951219512,1.6585365853658534,0.8943089430894329,2.8858195211786377,0.0
BG_031,BG_031_120325,542,0.1788385236514257,18.84320557491289,1.390940766550525,2.7512195121951244,1.740331491712709,0.0
BG_031,BG_031_120325,555,0.1913766048704753,22.773519163763066,3.645993031358884,2.988617886178865,3.976058931860038,0.0
BG_031,BG_031_120325,567,0.0650743170134154,13.073170731707316,2.829268292682928,2.627642276422767,1.8987108655616964,0.0
BG_031,BG_031_12052025,6,0.0764328287228386,19.963133640553,2.2820276497695886,6.086021505376348,1.6679536679536682,2.6729559748427674
BG_031,BG_031_12052025,32,0.0879482760664802,12.405529953917052,-0.6635944700460836,-2.4129032258064527,-3.3384813384813405,2.6729559748427674
BG_031,BG_031_12052025,39,0.1493972490369385,18.72811059907833,0.1105990783410177,3.741935483870965,1.7863577863577902,2.6729559748427674
BG_031,BG_031_12052025,50,0.1285550589064653,17.6405529953917,-0.1179723502304099,3.827956989247312,5.616473616473616,2.6729559748427674
BG_031,BG_031_12052025,103,0.1011910980923035,16.700460829493085,1.3124423963133651,2.6709677419354847,4.018018018018019,2.6729559748427674
BG_031,BG_031_12052025,327,0.0696086299360239,2.6543778801843314,0.6746543778801848,0.0172043010752682,-0.1389961389961387,2.6729559748427674
BG_031,BG_031_12052025,398,0.1075247044828502,1.640552995391705,0.0368663594470046,-0.0172043010752689,-0.5199485199485199,2.6729559748427674
BG_031,BG_031_12052025,416,0.1313448430932914,12.018433179723502,1.7880184331797242,5.070967741935483,5.009009009009011,2.6729559748427674
BG_031,BG_031_12052025,442,0.1937549641536262,9.548387096774194,3.741935483870968,13.350537634408605,5.191763191763194,2.6729559748427674
BG_031,BG_031_12052025,522,0.1897175952516486,14.08294930875576,1.0654377880184338,0.967741935483872,1.745173745173746,2.6729559748427674
BG_031,BG_031_12052025,527,0.0538141321171412,1.216589861751152,0.047926267281106,0.2967741935483871,0.1312741312741312,2.6729559748427674
BG_031,BG_031_130325,221,0.0627610536881683,17.297677691766363,1.5791695988740315,1.52052545155993,-2.45117845117845,48.2444733420026
BG_031,BG_031_130325,277,0.0544596702593693,18.52216748768473,0.4334975369458114,1.5894909688013144,2.7407407407407405,48.2444733420026
BG_031,BG_031_130325,404,0.1029162713024148,1.0133708655876144,-0.2448979591836735,1.6124794745484403,1.0909090909090906,48.2444733420026
BG_031,BG_031_130325,441,0.0527762183856592,12.765657987332863,1.6382828993666418,2.1116584564860403,-0.3973063973063961,48.2444733420026
BG_031,BG_031_130325,617,0.0336064952056747,11.55524278676988,0.6220971147079535,2.817733990147783,-0.7946127946127941,48.2444733420026
BG_031,BG_031_140325,70,0.0482022862029564,31.312897628687104,0.9300173510699778,-0.6963562753036427,2.7577937649880155,8.382526564344746
BG_031,BG_031_140325,249,0.0276853856700668,22.13996529786003,2.443030653556974,0.8906882591093144,5.167865707434057,8.382526564344746
BG_031,BG_031_140325,285,0.0718829004149147,1.5037593984962407,-0.3377674956622327,-0.7071524966261807,-0.5371702637889688,8.382526564344746
BG_031,BG_031_140325,295,0.1033708850707922,0.7287449392712549,0.0971659919028341,0.2375168690958166,0.0623501199040767,8.382526564344746
BG_031,BG_031_140325,379,0.2657238865208366,6.362058993637941,2.690572585309427,4.491228070175438,5.42685851318945,8.382526564344746
BG_031,BG_031_14042025,15,0.0977470449730922,16.63865546218487,1.7665732959850615,2.9760348583878,3.0294117647058805,8.354755784061698
BG_031,BG_031_14042025,17,0.1491050890445143,21.30718954248366,0.3137254901960808,2.108932461873639,-0.264705882352942,8.354755784061698
BG_031,BG_031_14042025,22,0.0355504925601233,11.185807656395893,-1.0158730158730158,0.5620915032679754,0.1372549019607838,8.354755784061698
BG_031,BG_031_14042025,53,0.0891993607251672,5.079365079365078,0.6722689075630264,1.1721132897603486,0.2333333333333325,8.354755784061698
BG_031,BG_031_14042025,71,0.1878820800244962,18.244631185807656,1.859943977591037,2.252723311546845,1.3294117647058847,8.354755784061698
BG_031,BG_031_14042025,73,0.1384743958228528,27.91783380018673,0.6573295985060774,0.1960784313725483,4.464705882352941,8.354755784061698
BG_031,BG_031_14042025,101,0.2516473223638812,11.69000933706816,2.5583566760037346,0.1568627450980404,-0.6098039215686271,8.354755784061698
BG_031,BG_031_14042025,124,0.075378076984633,12.791783380018671,0.7507002801120457,-1.4335511982570814,0.8098039215686299,8.354755784061698
BG_031,BG_031_14042025,146,0.1681930289539851,28.10457516339869,0.5228758169934657,0.2309368191721184,0.4843137254901926,8.354755784061698
BG_031,BG_031_14042025,242,0.0847610007291883,52.92250233426703,2.110177404295065,0.8017429193899801,2.9803921568627487,8.354755784061698
BG_031,BG_031_14042025,264,0.2370991946039291,13.239962651727357,2.420168067226891,1.9607843137254903,1.890196078431373,8.354755784061698
BG_031,BG_031_14042025,308,0.1354480763318988,8.4593837535014,-1.583566760037348,-0.671023965141611,-2.9627450980392167,8.354755784061698
BG_031,BG_031_14042025,309,0.0308611250390458,16.489262371615308,1.86367880485528,1.1808278867102435,1.9764705882352944,8.354755784061698
BG_031,BG_031_14042025,312,0.1998111511364064,21.66199813258637,2.9393090569561195,-0.7581699346405237,1.9313725490196127,8.354755784061698
BG_031,BG_031_14042025,321,0.0645351656835883,1.4565826330532212,-0.4631185807656395,-0.6143790849673203,-0.0294117647058822,8.354755784061698
BG_031,BG_031_14042025,410,0.1769624118646885,1.6806722689075628,1.1428571428571432,1.5511982570806104,0.9196078431372552,8.354755784061698
BG_031,BG_031_14042025,422,0.0301729040328536,3.8468720821662,-0.1083099906629319,0.9891067538126376,0.0686274509803928,8.354755784061698
BG_031,BG_031_14042025,454,0.1504373741443705,34.86461251167133,0.3510737628384746,-1.328976034858389,2.774509803921571,8.354755784061698
BG_031,BG_031_14042025,473,0.0809357913637993,2.203548085901027,0.3846872082166204,-0.3311546840958601,-0.5078431372549019,8.354755784061698
BG_031,BG_031_14042025,474,0.1774208414748896,11.335200746965452,0.5602240896358559,-2.840958605664486,-0.8313725490196067,8.354755784061698
BG_031,BG_031_14042025,482,0.0706989450679908,35.83566760037348,0.9486461251167172,2.3398692810457504,3.088235294117645,8.354755784061698
BG_031,BG_031_14042025,524,0.0737624295424064,11.503267973856206,-0.7320261437908453,0.5838779956427018,-0.2960784313725479,8.354755784061698
BG_031,BG_031_14042025,534,0.100780211365532,16.26517273576097,0.1269841269841265,0.6884531590413925,2.2823529411764696,8.354755784061698
BG_031,BG_031_14042025,537,0.1505733398357882,22.78244631185808,0.0672268907563058,1.2244008714596966,0.3372549019607902,8.354755784061698
BG_031,BG_031_14042025,546,0.0846739565486573,19.34640522875817,-0.6797385620915009,2.666666666666668,-0.4607843137254903,8.354755784061698
BG_031,BG_031_15042025,112,0.0605620367133062,6.981132075471697,-0.7924528301886777,-0.4213836477987414,-1.801801801801803,36.139896373057
BG_031,BG_031_16042025,39,0.0569239425836142,20.658105939004813,0.0834670947030531,2.580524344569291,1.2076190476190476,26.051560379918588
BG_031,BG_031_16042025,153,0.237273158648468,29.10112359550561,0.8089887640449511,9.580524344569293,11.584761904761905,26.051560379918588
BG_031,BG_031_16042025,223,0.1010376217761056,20.03210272873194,-0.5939004815409277,0.2771535580524364,-0.4914285714285711,26.051560379918588
BG_031,BG_031_16042025,486,0.0678310505132093,27.624398073836275,2.0834670947030496,5.299625468164795,4.045714285714286,26.051560379918588
BG_031,BG_031_16042025,628,0.2062721323192216,16.13162118780096,0.991974317817018,-0.5018726591760281,-1.8933333333333309,26.051560379918588
BG_031,BG_031_16052025,4,0.0786681063995058,17.323943661971832,4.309859154929576,3.55399061032864,0.3013698630136971,6.208053691275168
BG_031,BG_031_16052025,12,0.2553193807215652,14.587525150905432,-1.179074446680081,2.309859154929578,2.465753424657533,6.208053691275168
BG_031,BG_031_16052025,59,0.082614203828903,26.23742454728369,7.706237424547286,13.65727699530516,10.876712328767123,6.208053691275168
BG_031,BG_031_16052025,60,0.0692420180394923,11.730382293762576,1.4245472837022124,1.7699530516431938,1.7260273972602729,6.208053691275168
BG_031,BG_031_16052025,84,0.1484159030411447,8.611670020120723,3.219315895372235,4.43661971830986,1.8477929984779315,6.208053691275168
BG_031,BG_031_16052025,97,0.0950441804412095,23.11871227364185,9.44466800804829,5.492957746478872,-1.7260273972602749,6.208053691275168
BG_031,BG_031_16052025,313,0.0964878670700262,0.5432595573440644,-0.0080482897384306,0.2253521126760563,0.0700152207001523,6.208053691275168
BG_031,BG_031_16052025,343,0.0586447128349243,8.812877263581488,-0.6156941649899377,-1.3474178403755888,0.3531202435312028,6.208053691275168
BG_031,BG_031_16052025,435,0.255669055886554,7.766599597585512,5.0784708249497,8.877934272300472,7.232876712328767,6.208053691275168
BG_031,BG_031_16052025,492,0.138840830011038,4.909456740442656,0.6961770623742449,-0.140845070422535,-0.2678843226788423,6.208053691275168
BG_031,BG_031_170325,14,0.2498085432494551,3.8253968253968247,1.2190476190476196,1.0592592592592591,1.2013651877133107,30.10989010989011
BG_031,BG_031_170325,20,0.0802045771810722,4.2222222222222205,-0.1555555555555541,-0.1481481481481479,0.3731513083048927,30.10989010989011
BG_031,BG_031_170325,78,0.065255489252259,0.8571428571428571,0.3650793650793652,0.688888888888889,0.7872582480091016,30.10989010989011
BG_031,BG_031_170325,298,0.0721310952513056,5.158730158730158,-0.0698412698412696,0.837037037037037,0.3481228668941982,30.10989010989011
BG_031,BG_031_170325,303,0.0701906933213724,15.333333333333334,1.200000000000001,2.977777777777778,0.1911262798634787,30.10989010989011
BG_031,BG_031_170325,304,0.0973295582258442,2.6984126984126977,0.1904761904761911,1.3370370370370366,1.017064846416383,30.10989010989011
BG_031,BG_031_170325,386,0.0796590257947236,16.730158730158728,4.514285714285716,8.374074074074077,4.325369738339024,30.10989010989011
BG_031,BG_031_170325,442,0.1999133595180868,14.92063492063492,1.3238095238095244,-1.677777777777779,1.774744027303754,30.10989010989011
BG_031,BG_031_170325,522,0.0709518358275004,21.17460317460317,-0.574603174603169,-0.1222222222222271,0.209328782707626,30.10989010989011
BG_031,BG_031_180325,101,0.0777484795461773,15.11045655375552,3.38438880706922,3.704467353951891,4.362530413625306,19.420989143546443
BG_031,BG_031_180325,114,0.229538708270728,15.53755522827688,3.2253313696612658,2.2061855670103085,2.447688564476884,19.420989143546443
BG_031,BG_031_180325,116,0.2783516234388238,8.232695139911634,1.5611192930780575,8.773195876288659,4.905109489051096,19.420989143546443
BG_031,BG_031_180325,226,0.2039337936702804,5.272459499263622,0.1089837997054505,0.4089347079037804,0.5231143552311446,19.420989143546443
BG_031,BG_031_180325,249,0.1440017651238164,27.187039764359348,1.0397643593519916,6.178694158075601,6.294403892944047,19.420989143546443
BG_031,BG_031_180325,341,0.2206267017705316,5.228276877761414,1.8232695139911632,0.608247422680412,2.0389294403892944,19.420989143546443
BG_031,BG_031_180325,356,0.127092237892223,0.7069219440353459,-0.0471281296023562,-0.127147766323024,-0.0900243309002433,19.420989143546443
BG_031,BG_031_180325,383,0.0893936555748741,2.871870397643593,-0.2326951399116348,0.3436426116838493,0.1143552311435525,19.420989143546443
BG_031,BG_031_180325,396,0.1846133605624421,15.743740795287184,0.2356406480117847,1.2955326460481071,-0.0656934306569354,19.420989143546443
BG_031,BG_031_180325,398,0.0915635432433048,15.69955817378498,4.8777614138438885,6.9965635738831615,2.4233576642335777,19.420989143546443
BG_031,BG_031_180325,445,0.1537744297645807,29.234167893961704,2.1678939617083977,2.869415807560145,0.948905109489047,19.420989143546443
BG_031,BG_031_180325,452,0.0782560176537265,16.111929307805596,0.960235640648012,0.5154639175257714,-2.17031630170316,19.420989143546443
BG_031,BG_031_180325,474,0.0686178573483218,4.270986745213549,-0.4977908689248895,2.924398625429554,1.4428223844282249,19.420989143546443
BG_031,BG_031_190325,21,0.0659778072596228,5.337200870195794,0.4902102973168967,1.6209813874788503,0.5246913580246915,16.31130063965885
BG_031,BG_031_190325,110,0.1367664193205442,7.512690355329949,2.659898477157361,8.58206429780034,3.851851851851851,16.31130063965885
BG_031,BG_031_190325,113,0.3036087545313103,14.401740391588106,1.050036258158087,-1.1472081218274113,2.5720164609053526,16.31130063965885
BG_031,BG_031_190325,194,0.2193312817000936,1.870920957215373,0.0174039158810734,-0.2368866328257191,0.234567901234568,16.31130063965885
BG_031,BG_031_190325,260,0.0689608979702465,5.931834662799129,-0.3683828861493827,-0.0033840947546535,0.2674897119341555,16.31130063965885
BG_031,BG_031_190325,376,0.0805430257030198,14.38723712835388,2.5264684554024672,7.654822335025381,1.8662551440329231,16.31130063965885
BG_031,BG_031_190325,386,0.0742574815993753,22.900652646845536,1.8912255257432944,1.1776649746192902,2.222222222222225,16.31130063965885
BG_031,BG_031_190325,391,0.0624080519121024,11.791153009427122,1.0819434372733865,-0.2402707275803717,0.5246913580246915,16.31130063965885
BG_031,BG_031_190325,411,0.3204518246149759,12.951414068165333,5.079042784626546,11.032148900169204,11.170781893004117,16.31130063965885
BG_031,BG_031_190325,493,0.3018927170505304,11.007976794778823,0.9920232052211748,1.0659898477157397,4.061728395061728,16.31130063965885
BG_031,BG_031_19052025,35,0.0892194110963823,17.358490566037737,0.0,0.6666666666666679,1.7210884353741491,13.708260105448156
BG_031,BG_031_19052025,61,0.0679201623221275,10.889487870619943,1.9407008086253388,1.9245283018867927,-1.2312925170068016,13.708260105448156
BG_031,BG_031_19052025,113,0.0370674365124815,17.628032345013477,3.881401617250674,2.955974842767297,-0.8367346938775491,13.708260105448156
BG_031,BG_031_19052025,170,0.071660161307838,15.202156334231807,-0.1078167115902974,-2.9685534591195,1.3333333333333357,13.708260105448156
BG_031,BG_031_19052025,194,0.0822136955753699,9.056603773584904,-0.5283018867924518,1.1446540880503149,-0.1156462585033999,13.708260105448156
BG_031,BG_031_19052025,369,0.1405948322381699,1.940700808625337,0.7762803234501345,0.1886792452830188,-0.5782312925170063,13.708260105448156
BG_031,BG_031_19052025,581,0.1383582087080571,18.544474393531,0.7008086253369292,-2.339622641509429,0.0748299319727898,13.708260105448156
BG_031,BG_031_200325,9,0.1568196755807948,9.940700808625335,0.0819407008086248,-1.2150943396226417,0.8982035928143706,4.319654427645788
BG_031,BG_031_200325,38,0.0766828357341725,16.5822102425876,0.4894878706199463,-0.3245283018867919,0.9540918163672636,4.319654427645788
BG_031,BG_031_200325,43,0.2757585800056039,13.83288409703504,0.4765498652291118,3.783647798742136,3.095808383233537,4.319654427645788
BG_031,BG_031_200325,77,0.1115516069232432,10.156334231805928,-0.9638814016172486,-1.922012578616352,-0.3672654690618753,4.319654427645788
BG_031,BG_031_200325,105,0.2761206613933007,12.668463611859837,1.4296495956873336,4.0,4.894211576846308,4.319654427645788
BG_031,BG_031_200325,117,0.2465102359764129,18.99730458221024,4.7309973045822105,0.2113207547169793,0.233532934131734,4.319654427645788
BG_031,BG_031_200325,165,0.1700480473837172,13.87601078167116,-1.6345013477088948,0.5333333333333332,2.0918163672654675,4.319654427645788
BG_031,BG_031_200325,307,0.113205552498093,9.056603773584904,-0.211320754716981,0.2691823899371055,1.984031936127744,4.319654427645788
BG_031,BG_031_200325,392,0.0688697249351623,12.37735849056604,-0.905660377358492,-0.3949685534591189,0.2415169660678664,4.319654427645788
BG_031,BG_031_200325,395,0.1024611623859244,13.218328840970347,0.0646900269541816,2.130817610062895,0.4730538922155691,4.319654427645788
BG_031,BG_031_200325,417,0.1187157776265428,38.65229110512129,3.491105121293799,3.1622641509434004,4.7185628742514965,4.319654427645788
BG_031,BG_031_200325,434,0.0533862257651902,7.741239892183289,0.6814016172506729,3.179874213836479,1.7664670658682642,4.319654427645788
BG_031,BG_031_200325,457,0.1528610089086589,17.811320754716977,0.4075471698113233,-1.4666666666666686,0.5728542914171619,4.319654427645788
BG_031,BG_031_200325,476,0.1547215933314865,2.544474393530997,-0.0840970350404313,0.4905660377358494,0.5688622754491015,4.319654427645788
BG_031,BG_031_200325,500,0.168489018627457,18.350404312668463,1.800539083557954,-0.3245283018867937,0.5748502994011986,4.319654427645788
BG_031,BG_031_200325,532,0.0756716493079291,14.857142857142856,2.773045822102427,3.37861635220126,2.0918163672654675,4.319654427645788
BG_031,BG_031_210325,8,0.0614141142395359,6.227106227106225,-0.6593406593406579,-0.6202686202686216,-0.614583333333333,2.783964365256125
BG_031,BG_031_210325,42,0.0700653724520169,24.45839874411303,0.0983778126635286,-0.7448107448107457,-0.7854166666666629,2.783964365256125
BG_031,BG_031_210325,46,0.1126375157600676,5.892203035060177,1.0675039246467826,3.0207570207570207,1.4395833333333332,2.783964365256125
BG_031,BG_031_210325,55,0.1876266481127886,40.6174777603349,0.8477237048665671,-0.7057387057387032,2.872916666666669,2.783964365256125
BG_031,BG_031_210325,60,0.0715477408355071,27.44113029827315,-0.0272108843537388,2.124542124542124,1.9875000000000007,2.783964365256125
BG_031,BG_031_210325,69,0.095423433954378,17.205651491365778,-1.1323914181057049,-1.3919413919413923,-0.5854166666666636,2.783964365256125
BG_031,BG_031_210325,258,0.097398993682194,18.032443746729463,-0.2888540031397184,1.2698412698412689,2.604166666666668,2.783964365256125
BG_031,BG_031_210325,276,0.1173488478105881,1.6431187859759286,-0.2072213500784927,-0.2466422466422466,-0.0395833333333333,2.783964365256125
BG_031,BG_031_210325,301,0.1223218691013583,9.44008372579801,1.6661433804290962,4.615384615384615,4.079166666666666,2.783964365256125
BG_031,BG_031_210325,353,0.1320382258241218,5.944531658817373,0.5609628466771328,2.244200244200246,1.91875,2.783964365256125
BG_031,BG_031_210325,396,0.0782102452106933,18.37781266352695,2.120355834641547,6.285714285714288,0.2562500000000014,2.783964365256125
BG_031,BG_031_210325,401,0.0899105867745854,26.57247514390372,-0.3453689167974865,-1.5433455433455414,-1.4395833333333314,2.783964365256125
BG_031,BG_031_210325,411,0.2351038852273423,44.4793301936159,3.916274201988493,3.5921855921855936,8.09791666666667,2.783964365256125
BG_031,BG_031_210325,439,0.1101761159432664,14.620617477760334,0.1632653061224509,-1.1599511599511594,-0.0625,2.783964365256125
BG_031,BG_031_210325,445,0.1469374802836577,20.554683411826264,-0.2176870748299286,-1.9023199023199029,-0.9479166666666644,2.783964365256125
BG_031,BG_031_210325,467,0.0568700218265989,17.237048665620094,0.3014128728414462,0.2735042735042761,-0.2645833333333307,2.783964365256125
BG_031,BG_031_210325,520,0.1301171844547808,17.571951857666143,2.398744113029828,2.3711843711843734,1.3000000000000007,2.783964365256125
BG_031,BG_031_210325,524,0.1066360994936707,10.570381998953426,0.9167974882260612,2.6935286935286946,2.289583333333334,2.783964365256125
BG_031,BG_031_22052025,36,0.2425346159657322,19.56302521008403,0.601680672268909,0.1019607843137215,-1.1088777219430457,3.9755351681957185
BG_031,BG_031_22052025,101,0.0974275638351686,26.57142857142857,6.72268907563026,7.866666666666664,-3.5108877721943017,3.9755351681957185
BG_031,BG_031_22052025,427,0.2103224317860523,13.008403361344538,1.3680672268907568,5.713725490196076,7.396984924623116,3.9755351681957185
BG_031,BG_031_22052025,447,0.2165139090518819,6.53781512605042,4.685714285714285,8.682352941176472,5.115577889447237,3.9755351681957185
BG_031,BG_031_22052025,457,0.111427153924218,15.142857142857142,0.5042016806722689,3.023529411764706,1.7252931323283054,3.9755351681957185
BG_031,BG_031_240325,12,0.2008006718032083,8.250401284109149,2.7458533975387915,7.687890137328338,5.308016877637131,0.0
BG_031,BG_031_240325,15,0.403774142069778,13.504547886570355,2.6902086677367585,23.470661672908868,24.84599156118144,0.0
BG_031,BG_031_240325,52,0.1569213335987974,16.340288924558585,1.502407704654896,4.559300873907617,7.130801687763716,0.0
BG_031,BG_031_240325,85,0.2779776395589385,24.151952915997857,-0.3616907437132113,2.3820224719101155,2.5464135021097114,0.0
BG_031,BG_031_240325,88,0.1378955991947361,5.12573568753344,2.9192081326912787,12.754057428214733,14.354430379746836,0.0
BG_031,BG_031_240325,208,0.0850593550515771,10.604601391118244,1.0807918673087222,0.9912609238451946,-1.2341772151898738,0.0
BG_031,BG_031_240325,271,0.2810748859595156,19.71107544141252,-0.0406634563937906,2.569288389513112,1.2573839662447277,0.0
BG_031,BG_031_240325,350,0.0773054362678698,6.91278758694489,-0.7704654895666128,-3.625468164794008,-4.407172995780591,0.0
BG_031,BG_031_240325,391,0.076445745827735,21.273408239700373,2.63670411985019,8.888888888888893,12.732067510548523,0.0
BG_031,BG_031_240325,393,0.0705779178174851,17.88121990369181,1.474585339753883,3.985018726591761,-3.1856540084388207,0.0
BG_031,BG_031_240325,433,0.0735455141398577,21.979668271803103,-0.451578384162655,0.6666666666666643,1.0253164556961991,0.0
BG_031,BG_031_240325,437,0.1446105162072427,36.50080256821829,3.124665596575717,6.736579275905122,15.915611814346,0.0
BG_031,BG_031_240325,448,0.0641280448365233,22.63242375601926,-0.0856072766185107,4.604244694132333,3.546413502109708,0.0
BG_031,BG_031_250325,15,0.2227118691044007,17.33193277310924,8.006302521008408,7.845588235294119,12.802607076350094,1.3318534961154271
BG_031,BG_031_250325,121,0.1905042917876918,15.819327731092438,1.0336134453781494,1.1911764705882373,3.0540037243947893,1.3318534961154271
BG_031,BG_031_250325,196,0.0852874969314562,10.126050420168063,-0.5819327731092407,-1.6225490196078418,-2.0912476722532585,1.3318534961154271
BG_031,BG_031_250325,287,0.2043610536388936,4.369747899159663,-0.0462184873949578,-0.3700980392156854,-0.0316573556797008,1.3318534961154271
BG_031,BG_031_250325,294,0.3063776821806906,31.05042016806723,4.126050420168067,4.921568627450984,5.90875232774674,1.3318534961154271
BG_031,BG_031_250325,368,0.3507652306973211,11.207983193277313,-0.1050420168067223,-0.0122549019607838,2.5344506517690863,1.3318534961154271
BG_031,BG_031_250325,409,0.2019520941169608,9.348739495798318,-0.1575630252100825,1.1985294117647047,-0.3296089385474854,1.3318534961154271
BG_031,BG_031_250325,411,0.0664737249033337,18.308823529411764,4.941176470588236,4.1102941176470615,0.8454376163873398,1.3318534961154271
BG_031,BG_031_250325,419,0.0695734188298104,20.44117647058824,1.264705882352942,1.338235294117645,1.23091247672253,1.3318534961154271
BG_031,BG_031_250325,442,0.091993785527546,14.296218487394956,0.6008403361344552,-0.5294117647058822,0.3519553072625694,1.3318534961154271
BG_031,BG_031_250325,545,0.1671275866757757,4.7478991596638656,-0.7773109243697478,0.5318627450980391,0.8305400372439484,1.3318534961154271
BG_031,BG_031_25042025,12,0.0597282653058294,24.78664192949907,4.044526901669762,1.580086580086579,-1.88771929824561,35.91549295774648
BG_031,BG_031_25042025,67,0.0591547123094223,6.363636363636363,1.1688311688311694,1.2554112554112562,-0.3719298245614029,35.91549295774648
BG_031,BG_031_25042025,170,0.0748717085157775,22.745825602968456,1.1243042671614134,8.601731601731604,6.736842105263165,35.91549295774648
BG_031,BG_031_25042025,219,0.0768329993138994,19.8330241187384,-0.9758812615955428,0.8744588744588739,3.080701754385963,35.91549295774648
BG_031,BG_031_25042025,503,0.1464549219098826,34.61966604823747,1.6141001855287629,5.744588744588739,8.659649122807018,35.91549295774648
BG_031,BG_031_25042025,512,0.0841338092559189,16.41929499072356,-0.9647495361781058,-0.6969696969696937,0.6456140350877178,35.91549295774648
BG_031,BG_031_260325,7,0.1270925321511441,9.634002361275083,-2.427390791027152,-3.0082644628099144,-3.534502923976607,3.8918918918918917
BG_031,BG_031_260325,22,0.2491674878898105,15.253837072018891,7.357733175914992,33.24517906336088,28.56842105263157,3.8918918918918917
BG_031,BG_031_260325,30,0.1825377108503353,11.452184179456909,2.0684769775678866,9.556473829201105,7.728654970760232,3.8918918918918917
BG_031,BG_031_260325,53,0.2016034988181242,16.682408500590316,1.2018890200708403,7.892561983471076,6.512280701754385,3.8918918918918917
BG_031,BG_031_260325,55,0.1135748871890082,20.85005903187721,0.3400236127508869,3.696969696969692,5.7029239766081865,3.8918918918918917
BG_031,BG_031_260325,61,0.2575628946892863,4.545454545454544,0.6611570247933898,4.512396694214876,4.070175438596491,3.8918918918918917
BG_031,BG_031_260325,89,0.1307753985823885,12.396694214876034,1.768595041322314,5.1212121212121176,4.477192982456142,3.8918918918918917
BG_031,BG_031_260325,105,0.1680772651170982,26.26918536009445,0.4746162927981103,2.9586776859504127,1.513450292397664,3.8918918918918917
BG_031,BG_031_260325,138,0.0787904300920707,13.67178276269185,2.724911452184182,2.333333333333332,-1.2187134502923964,3.8918918918918917
BG_031,BG_031_260325,175,0.0850815732094158,29.634002361275087,1.2916174734356574,3.515151515151516,2.484210526315792,3.8918918918918917
BG_031,BG_031_260325,240,0.1709613136852381,43.04604486422667,-1.8890200708382423,-3.269972451790629,-3.2257309941520447,3.8918918918918917
BG_031,BG_031_260325,311,0.1437533205618821,8.099173553719007,1.7685950413223157,3.809917355371901,0.6970760233918121,3.8918918918918917
BG_031,BG_031_260325,354,0.0774004542619153,9.10271546635183,0.8807556080283359,3.43526170798898,0.0304093567251459,3.8918918918918917
BG_031,BG_031_260325,394,0.2369765817865713,1.322314049586777,0.6115702479338843,2.415977961432507,2.4912280701754383,3.8918918918918917
BG_031,BG_031_260325,424,0.0924106366636923,19.61038961038961,0.3730814639905517,-0.2341597796143233,-1.4456140350877185,3.8918918918918917
BG_031,BG_031_260325,426,0.094543505268309,13.423848878394333,1.1546635182998823,1.8236914600550944,0.0584795321637443,3.8918918918918917
BG_031,BG_031_260325,471,0.0787913288996872,16.63518299881936,-0.0070838252656422,1.12947658402204,0.7602339181286553,3.8918918918918917
BG_031,BG_031_260325,480,0.2152496763784387,10.802833530106255,-1.3813459268004706,-4.231404958677686,-1.978947368421052,3.8918918918918917
BG_031,BG_031_260325,535,0.1180069049415752,2.4203069657615104,0.1912632821723741,1.2892561983471076,0.825730994152047,3.8918918918918917
BG_031,BG_031_270325,1,0.1775430506828966,16.66359447004608,0.6525345622119865,3.2086021505376365,3.462759462759461,0.0
BG_031,BG_031_270325,20,0.1507681513012134,9.493087557603689,1.0101382488479267,-0.4387096774193537,0.8766788766788753,0.0
BG_031,BG_031_270325,24,0.3039453405812912,14.617511520737324,6.311520737327193,13.93978494623656,12.544566544566548,0.0
BG_031,BG_031_270325,27,0.0701294774833208,20.53456221198156,-0.4055299539170462,0.8602150537634401,0.0244200244200243,0.0
BG_031,BG_031_270325,31,0.085787953201806,4.460829493087557,-0.0221198156682023,0.6322580645161295,1.152625152625154,0.0
BG_031,BG_031_270325,64,0.0571743733798472,6.193548387096774,-0.4387096774193546,-0.2666666666666657,1.2283272283272293,0.0
BG_031,BG_031_270325,107,0.2014499600589707,41.30875576036866,-2.4700460829493096,-2.8645161290322605,-2.2905982905982896,0.0
BG_031,BG_031_270325,135,0.0733506698702181,17.91705069124424,3.83778801843318,6.184946236559142,-0.6691086691086703,0.0
BG_031,BG_031_270325,239,0.1778205971004126,20.92165898617511,0.6009216589861808,5.888172043010755,6.6227106227106205,0.0
BG_031,BG_031_270325,293,0.1258774149426358,12.534562211981566,3.5686635944700456,6.447311827956991,6.19047619047619,0.0
BG_031,BG_031_270325,319,0.1662564797801112,8.608294930875575,1.3271889400921673,1.9870967741935488,0.67887667887668,0.0
BG_031,BG_031_270325,370,0.2320168037743617,2.1198156682027647,0.1511520737327192,1.449462365591398,0.7301587301587305,0.0
BG_031,BG_031_270325,427,0.0956167506647062,17.050691244239633,3.646082949308752,7.096774193548384,-0.0512820512820511,0.0
BG_031,BG_031_270325,442,0.2370892145020255,34.85714285714286,6.149308755760366,8.843010752688173,9.72161172161172,0.0
BG_031,BG_031_270325,510,0.1550413645070985,20.14746543778802,1.0396313364055274,2.5247311827957013,3.2185592185592213,0.0
BG_039,BG_039_01052025,150,0.3825274620218007,3.7857142857142847,0.0642857142857153,14.2875,8.80952380952381,20.84130019120459
BG_039,BG_039_01052025,379,0.1221736621836795,0.8214285714285714,-0.0964285714285714,3.791666666666667,1.904761904761904,20.84130019120459
BG_039,BG_039_01052025,446,0.0601947648532112,8.178571428571427,-0.2535714285714272,1.054166666666668,-0.8888888888888875,20.84130019120459
BG_039,BG_039_01052025,689,0.0989812472288824,3.803571428571428,-0.6035714285714278,-2.8875,-3.0,20.84130019120459
BG_039,BG_039_01052025,867,0.054706771597325,0.3749999999999999,-0.1249999999999998,0.1041666666666666,0.7301587301587302,20.84130019120459
BG_039,BG_039_02042025,66,0.0859937269336364,3.4933035714285707,0.5535714285714293,13.8828125,11.320987654320987,17.792207792207794
BG_039,BG_039_02042025,671,0.117555515931644,0.3459821428571428,-0.0022321428571427,0.1458333333333333,0.6296296296296295,17.792207792207794
BG_039,BG_039_06052025,210,0.2601383800056857,0.8,1.0799999999999998,2.593333333333333,1.5458333333333334,3.036876355748373
BG_039,BG_039_06052025,212,0.2468383327161109,2.685714285714285,0.354285714285715,4.44,4.0,3.036876355748373
BG_039,BG_039_06052025,330,0.445742461919091,4.97142857142857,0.5885714285714299,8.133333333333336,-0.2208333333333332,3.036876355748373
BG_039,BG_039_06052025,729,0.1597330497494137,12.914285714285716,-1.4742857142857169,1.3266666666666698,0.0833333333333339,3.036876355748373
BG_039,BG_039_08052025,88,0.1668647387448313,3.5105701473414475,0.830237027546445,10.110612855007474,6.049844236760125,1.530612244897959
BG_039,BG_039_08052025,116,0.1073035987295277,7.623318385650222,1.6143497757847545,10.878923766816143,8.323987538940811,1.530612244897959
BG_039,BG_039_08052025,140,0.1942076140029638,14.131966688020498,-0.3561819346572683,5.312406576980568,5.987538940809973,1.530612244897959
BG_039,BG_039_08052025,683,0.0712711065037996,15.169762972453556,0.7943625880845602,7.031390134529147,5.01557632398754,1.530612244897959
BG_039,BG_039_12052025,237,0.1280759795835687,9.583911234396671,3.4646324549237164,10.343042071197416,1.7101449275362306,20.776699029126213
BG_039,BG_039_12052025,941,0.0825945399011606,12.17753120665742,0.9680998613037451,10.33980582524272,7.173913043478262,20.776699029126213
BG_039,BG_039_14052025,933,0.1270396228443143,0.7061379684953828,0.084736556219446,-0.1698352344740177,-0.0528052805280528,6.5967016491754125
BG_039,BG_039_14052025,1005,0.0670345354529583,1.9989136338946227,0.1303639326453012,1.049429657794677,0.2772277227722775,6.5967016491754125
BG_039,BG_039_15042025,267,0.0620868112371624,2.2675736961451247,0.3356009070294785,7.488536155202821,4.233333333333333,36.79245283018868
BG_039,BG_039_15042025,782,0.1355624904424707,18.155706727135296,-0.0816326530612236,28.40564373897708,13.522222222222222,36.79245283018868
BG_039,BG_039_16042025,93,0.0935451114838881,3.283935981031416,0.6662714878482521,8.315352697095436,6.948453608247424,13.704819277108435
BG_039,BG_039_16042025,661,0.0830246095639266,5.809128630705393,0.1825726141078849,0.7109266943291841,0.8659793814433003,13.704819277108435
BG_039,BG_039_16042025,761,0.2149965397308839,20.770598695909896,1.4368701837581526,27.49930843706778,19.08591065292096,13.704819277108435
BG_039,BG_039_16042025,770,0.1294913613438866,8.026081802015412,1.4676941315945466,4.990318118948826,-0.3986254295532649,13.704819277108435
BG_039,BG_039_16052025,129,0.0749679951866925,4.4769403824521925,-0.5871766029246333,7.900262467191602,5.6927536231884055,5.0359712230215825
BG_039,BG_039_16052025,201,0.0359054286701703,15.410573678290213,-0.0877390326209219,6.706036745406829,4.110144927536233,5.0359712230215825
BG_039,BG_039_16052025,225,0.2041847649691561,0.7199100112485939,0.2722159730033746,5.950131233595801,3.971014492753624,5.0359712230215825
BG_039,BG_039_16052025,226,0.2489402592614986,7.154105736782901,2.940382452193477,9.677165354330713,3.269565217391305,5.0359712230215825
BG_039,BG_039_16052025,369,0.1599401483356606,1.2035995500562429,0.2609673790776154,7.703412073490815,4.133333333333333,5.0359712230215825
BG_039,BG_039_16052025,848,0.0606916636397004,0.9786276715410572,-0.1754780652418447,0.0603674540682415,0.5797101449275365,5.0359712230215825
BG_039,BG_039_16052025,856,0.0732756812852462,0.93363329583802,-0.1777277840269964,-0.0314960629921259,0.3999999999999999,5.0359712230215825
BG_039,BG_039_16052025,895,0.0594269280697808,2.5309336332958376,0.0359955005624299,-1.648293963254593,-2.3014492753623186,5.0359712230215825
BG_039,BG_039_16052025,948,0.3666146646409871,8.650168728908886,2.2947131608548936,20.225721784776905,16.20289855072464,5.0359712230215825
BG_039,BG_039_20052025,189,0.0979593003872923,7.186147186147185,1.2582972582972598,-1.629629629629627,-1.0476190476190474,36.142322097378276
BG_039,BG_039_20052025,440,0.1071056521266443,7.763347763347763,2.176046176046176,8.45117845117845,2.8952380952380965,36.142322097378276
BG_039,BG_039_20052025,790,0.1112736708640301,14.68975468975469,1.8354978354978364,2.875420875420872,-0.7047619047619058,36.142322097378276
BG_039,BG_039_22052025,296,0.0625376188403889,0.5465838509316769,0.0621118012422361,0.0666666666666668,0.2735042735042735,9.248554913294797
BG_039,BG_039_22052025,658,0.0877804294953778,12.111801242236025,-0.4596273291925445,-0.2434782608695656,0.1880341880341891,9.248554913294797
BG_046,BG_046_01072025,278,0.1105835910794854,14.705407586763515,1.7239709443099294,2.6591337099811714,4.328928046989722,4.889589905362776
BG_046,BG_046_01092025,54,0.100349561672831,46.47619047619047,0.0207792207792323,1.854545454545459,6.396551724137929,0.7155635062611807
BG_046,BG_046_01092025,216,0.1049495446622996,2.701298701298701,-0.4952380952380948,-0.5777777777777775,0.0229885057471266,0.7155635062611807
BG_046,BG_046_01092025,327,0.0667973911662237,28.20779220779221,1.7558441558441586,2.7797979797979764,3.051724137931032,0.7155635062611807
BG_046,BG_046_01092025,336,0.1987378690119922,22.389610389610382,0.1316017316017337,7.753535353535355,9.885057471264364,0.7155635062611807
BG_046,BG_046_02072025,150,0.1162481174821881,0.9460737937559128,0.2989593188268685,-0.260485651214128,-0.0884955752212388,0.0
BG_046,BG_046_02072025,262,0.0652196334194424,6.452223273415325,1.7861873226111653,0.8079470198675498,0.3480825958702063,0.0
BG_046,BG_046_02072025,277,0.0865371509207354,13.774834437086092,0.6622516556291398,3.969094922737306,1.2772861356932168,0.0
BG_046,BG_046_02072025,501,0.1038244583656183,15.364238410596029,2.543046357615893,3.682119205298013,-0.4690265486725664,0.0
BG_046,BG_046_02092025,16,0.0721363393131876,4.520795660036166,0.1880650994575052,-0.6624472573839668,-0.0675105485232059,0.3590664272890485
BG_046,BG_046_02092025,17,0.1792504489548974,20.994575045207952,1.3851717902350842,6.151898734177216,3.670886075949365,0.3590664272890485
BG_046,BG_046_02092025,287,0.185401212212851,18.58951175406872,0.6509945750452104,4.4472573839662495,2.9873417721519004,0.3590664272890485
BG_046,BG_046_02092025,422,0.0668635385909521,22.206148282097647,-0.6112115732368864,-1.940928270042196,-1.6033755274261594,0.3590664272890485
BG_046,BG_046_03072025,191,0.0609421527200238,25.13022888713496,2.913970007892665,-4.41988950276243,-3.342163355408392,15.456238361266294
BG_046,BG_046_03072025,276,0.0598885340950499,12.217837411207578,2.4340962904498813,3.1786372007366506,4.189845474613689,15.456238361266294
BG_046,BG_046_03072025,471,0.1008898232547177,13.970007892659826,4.416732438831886,7.580110497237573,4.494481236203093,15.456238361266294
BG_046,BG_046_03072025,598,0.1082322221927107,1.341752170481452,0.0284135753749015,0.0994475138121546,0.1942604856512142,15.456238361266294
BG_046,BG_046_03092025,44,0.0980828552826799,35.09625126646402,-0.713272543059766,-3.234042553191486,0.4833333333333343,1.2567324955116697
BG_046,BG_046_03092025,93,0.1008668224102616,13.98176291793313,-0.6767983789260388,0.3924349881796676,0.1833333333333335,1.2567324955116697
BG_046,BG_046_03092025,165,0.0780180809120382,31.469098277608907,-2.419452887537986,0.5200945626477562,1.7333333333333345,1.2567324955116697
BG_046,BG_046_03092025,326,0.0807379905926358,19.594731509625124,0.320162107396154,-1.995271867612292,2.683333333333337,1.2567324955116697
BG_046,BG_046_03092025,473,0.0564753343913454,0.4457953394123606,-0.0202634245187435,-0.2316784869976359,0.475,1.2567324955116697
BG_046,BG_046_03092025,479,0.0508458235530807,2.330293819655522,-0.1458966565349544,-0.2458628841607562,-0.0416666666666665,1.2567324955116697
BG_046,BG_046_04072025,18,0.0673600348309811,1.3347236704900938,0.1835245046923879,0.4038929440389296,0.4010416666666669,4.772234273318872
BG_046,BG_046_04072025,44,0.0639930260898404,6.944734098018769,-0.112617309697601,-0.4720194647201943,-0.442708333333333,4.772234273318872
BG_046,BG_046_04072025,60,0.110439222920855,1.2095933263816472,-0.0417101147028151,0.6812652068126521,0.0572916666666667,4.772234273318872
BG_046,BG_046_04072025,179,0.1731224917946841,29.384775808133472,0.2210636079249219,-6.17031630170316,-3.635416666666668,4.772234273318872
BG_046,BG_046_04072025,191,0.1670889205963635,32.88842544316996,-1.705943691345141,1.537712895377119,0.375,4.772234273318872
BG_046,BG_046_04072025,259,0.0823177398555349,15.933263816475494,1.555787278415016,0.6666666666666643,1.0677083333333357,4.772234273318872
BG_046,BG_046_04072025,336,0.2626659264162257,14.11887382690302,-1.0385818561001,-2.1605839416058394,-1.197916666666666,4.772234273318872
BG_046,BG_046_04072025,423,0.0912571773114716,23.83733055265902,-0.5672575599582892,0.4184914841849121,-1.53125,4.772234273318872
BG_046,BG_046_04082025,282,0.0884113330712876,26.76190476190476,0.2380952380952408,5.255555555555556,4.7356321839080415,0.0
BG_046,BG_046_04082025,299,0.1554762465343814,0.6666666666666665,0.1333333333333335,0.3555555555555556,-0.0804597701149424,0.0
BG_046,BG_046_04082025,518,0.0560369175201142,6.57142857142857,1.6952380952380972,0.4000000000000003,2.5632183908045985,0.0
BG_046,BG_046_04082025,563,0.1686806201961583,5.666666666666666,0.5333333333333341,2.3000000000000016,0.931034482758621,0.0
BG_046,BG_046_04082025,583,0.221146012399886,4.761904761904762,0.7047619047619049,2.9222222222222225,-0.0574712643678161,0.0
BG_046,BG_046_08092025,242,0.1833102163301944,33.22857142857143,0.1714285714285708,5.359999999999999,4.805704099821746,0.0
BG_046,BG_046_08092025,284,0.0719481601993751,27.085714285714285,2.394285714285715,3.1766666666666694,3.0802139037433136,0.0
BG_046,BG_046_08092025,292,0.208300360789966,13.285714285714285,1.3342857142857143,5.556666666666668,3.8502673796791456,0.0
BG_046,BG_046_08092025,321,0.0535284600213475,23.899999999999995,-0.4199999999999946,-3.553333333333331,-3.0196078431372584,0.0
BG_046,BG_046_08092025,396,0.057673569752962,10.214285714285714,-0.9942857142857128,-0.4933333333333323,-0.7664884135472354,0.0
BG_046,BG_046_08092025,560,0.1049537840500526,8.299999999999999,0.120000000000001,2.719999999999999,0.3707664884135475,0.0
BG_046,BG_046_08092025,565,0.0684732983079215,1.5857142857142856,-0.0857142857142856,-0.1733333333333333,0.1782531194295902,0.0
BG_046,BG_046_09092025,58,0.0817833314672727,35.089285714285715,0.2440476190476204,0.0972222222222285,-3.009009009009006,10.526315789473683
BG_046,BG_046_09092025,314,0.0360120429857595,11.547619047619046,0.1398809523809543,1.1527777777777786,-0.2822822822822814,10.526315789473683
BG_046,BG_046_09092025,327,0.0555225975016427,19.12202380952381,-1.3720238095238102,1.177083333333332,-0.6426426426426453,10.526315789473683
BG_046,BG_046_09092025,329,0.0711632714243062,4.122023809523809,0.2946428571428576,-0.3055555555555558,-0.4204204204204202,10.526315789473683
BG_046,BG_046_09092025,564,0.2147881228722722,29.10714285714285,2.2886904761904816,18.385416666666668,14.31231231231232,10.526315789473683
BG_046,BG_046_10092025,184,0.0584948366669447,0.2400960384153661,0.1296518607442978,-0.072829131652661,-0.2197802197802197,46.125461254612546
BG_046,BG_046_10092025,204,0.1552096942871791,8.883553421368545,-0.8499399759903934,9.56862745098039,5.413919413919414,46.125461254612546
BG_046,BG_046_10092025,457,0.1321136512345239,12.02881152460984,0.2400960384153698,5.355742296918773,1.5677655677655675,46.125461254612546
BG_046,BG_046_10092025,470,0.1260647598331833,14.621848739495798,0.4033613445378154,4.571428571428571,3.1648351648351625,46.125461254612546
BG_046,BG_046_10092025,561,0.0726837961391377,6.146458583433373,0.0720288115246106,0.4929971988795518,0.717948717948719,46.125461254612546
BG_046,BG_046_11092025,244,0.0630478392929444,0.8758076094759512,-0.2325915290739411,0.187604690117253,0.6488095238095237,3.5315985130111525
BG_046,BG_046_11092025,285,0.134820858462856,58.29145728643216,-0.4020100502512562,1.4740368509212658,1.6071428571428612,3.5315985130111525
BG_046,BG_046_11092025,537,0.0322370090143192,6.977745872218233,-1.1888011486001426,1.8592964824120592,0.5,3.5315985130111525
BG_046,BG_046_12082025,470,0.1366304301573042,5.31055900621118,-0.3105590062111796,0.7826086956521756,-0.7619047619047619,20.0920245398773
BG_046,BG_046_12092025,286,0.0720447233196763,53.919022154316266,0.9045072574484364,-2.463458110516932,0.1830065359477188,9.426987060998151
BG_046,BG_046_12092025,395,0.0750244948962055,7.914438502673796,1.1336898395721935,0.2103386809269167,1.5947712418300668,9.426987060998151
BG_046,BG_046_12092025,568,0.1208016905356198,2.9029793735676086,-1.0634071810542396,-0.0606060606060605,1.3986928104575165,9.426987060998151
BG_046,BG_046_13082025,144,0.0883392815340593,14.398496240601505,1.075187969924812,2.052631578947372,2.472222222222225,49.275362318840585
BG_046,BG_046_13082025,478,0.2372746878261821,14.774436090225562,-0.2481203007518768,6.078947368421057,0.013888888888891,49.275362318840585
BG_046,BG_046_14082025,94,0.0619178792709054,0.5123152709359605,0.0669950738916257,0.096551724137931,0.1876379690949228,7.715430861723446
BG_046,BG_046_14082025,132,0.0603652129101098,12.216748768472904,-0.4098522167487655,6.583908045977015,4.520971302428256,7.715430861723446
BG_046,BG_046_14082025,481,0.0921789210344461,11.310344827586205,-1.048275862068964,2.280459770114941,4.211920529801324,7.715430861723446
BG_046,BG_046_14082025,486,0.2676032787991338,19.665024630541872,0.0039408866995067,5.333333333333332,5.013245033112582,7.715430861723446
BG_046,BG_046_15082025,13,0.1227889626537873,12.784503631961256,-0.490718321226792,3.5103578154425605,2.9923896499238936,2.1439509954058193
BG_046,BG_046_15082025,14,0.1050217885046084,10.605326876513317,1.236481033091204,0.5649717514124291,1.808219178082192,2.1439509954058193
BG_046,BG_046_15082025,76,0.113223120619049,19.62873284907183,1.3204196933010517,5.352165725047083,4.249619482496197,2.1439509954058193
BG_046,BG_046_15082025,187,0.0696288023670326,18.886198547215496,1.3171912832929775,10.734463276836156,10.477929984779298,2.1439509954058193
BG_046,BG_046_15082025,231,0.3969293028011311,35.964487489911214,4.577885391444717,31.98493408662901,21.57990867579908,2.1439509954058193
BG_046,BG_046_15082025,237,0.0344426245560092,13.995157384987891,1.3720742534301884,-1.7514124293785311,1.1567732115677334,2.1439509954058193
BG_046,BG_046_15082025,311,0.0909294613211991,8.910411622276028,1.2590799031477005,8.474576271186441,2.864535768645357,2.1439509954058193
BG_046,BG_046_15082025,343,0.0703730058902928,29.87893462469733,-0.5230024213074991,6.459510357815443,5.780821917808222,2.1439509954058193
BG_046,BG_046_15082025,416,0.2034111844261534,25.85956416464891,2.343825665859565,23.6346516007533,13.059360730593609,2.1439509954058193
BG_046,BG_046_15082025,450,0.0761640243957226,16.158192090395477,2.689265536723166,15.273069679849344,11.415525114155251,2.1439509954058193
BG_046,BG_046_15082025,504,0.1299267802570066,7.118644067796609,1.491525423728815,4.365348399246703,1.5859969558599722,2.1439509954058193
BG_046,BG_046_15082025,516,0.0987173936399395,11.396287328490716,0.7167070217917697,1.0357815442561211,0.5662100456620998,2.1439509954058193
BG_046,BG_046_15082025,525,0.0638129723949609,11.993543179983856,2.944309927360777,3.4274952919020727,1.0745814307458126,2.1439509954058193
BG_046,BG_046_15082025,527,0.1594848924065974,12.122679580306697,2.656981436642456,9.758945386064031,4.118721461187214,2.1439509954058193
BG_046,BG_046_15092025,123,0.0844859652594296,30.85714285714285,0.952380952380956,10.99047619047619,9.813008130081304,0.8077544426494345
BG_046,BG_046_15092025,131,0.1058445458527738,16.61224489795918,0.5496598639455819,3.669841269841269,7.402439024390247,0.8077544426494345
BG_046,BG_046_15092025,428,0.1079399757793252,46.91156462585034,-2.302040816326532,-13.714285714285715,-9.5,0.8077544426494345
BG_046,BG_046_15092025,441,0.1289698556902828,6.190476190476191,0.7999999999999998,5.0095238095238095,2.337398373983741,0.8077544426494345
BG_046,BG_046_15092025,461,0.1273628005954988,11.170068027210885,2.18231292517007,11.006349206349208,9.27642276422764,0.8077544426494345
BG_046,BG_046_15092025,476,0.1532222348448236,0.9931972789115644,-0.0598639455782311,-0.0476190476190474,-0.3861788617886179,0.8077544426494345
BG_046,BG_046_15092025,517,0.0704973559157071,43.17006802721088,-1.0938775510204053,-7.806349206349211,-6.6869918699187,0.8077544426494345
BG_046,BG_046_15092025,533,0.3148721141838412,13.49659863945578,1.9891156462585045,12.679365079365075,11.256097560975611,0.8077544426494345
BG_046,BG_046_15092025,562,0.1078528885209251,24.19047619047619,-0.3619047619047606,0.8984126984126988,2.2601626016260177,0.8077544426494345
BG_046,BG_046_15092025,613,0.2223893629359644,20.78911564625849,0.3156462585034063,10.00952380952381,8.528455284552848,0.8077544426494345
BG_046,BG_046_15092025,617,0.0888967277662776,10.571428571428571,-0.3619047619047624,1.0507936507936506,1.1707317073170724,0.8077544426494345
BG_046,BG_046_16092025,315,0.098640458513771,53.562152133580696,-0.3933209647495275,28.75757575757576,25.7742782152231,1.8835616438356164
BG_046,BG_046_16092025,372,0.1787531906799065,12.597402597402594,1.818181818181822,14.965367965367966,8.28871391076115,1.8835616438356164
BG_046,BG_046_16092025,376,0.2166883857715713,15.38033395176252,1.9443413729128045,5.112554112554113,4.388451443569551,1.8835616438356164
BG_046,BG_046_16092025,393,0.0469090277794072,20.909090909090907,0.2337662337662358,-1.571428571428573,-2.2834645669291334,1.8835616438356164
BG_046,BG_046_16092025,406,0.1864624894761202,48.051948051948045,-0.4155844155844121,-19.714285714285715,-16.346456692913385,1.8835616438356164
BG_046,BG_046_16092025,501,0.1234640291794422,10.46382189239332,1.1205936920222648,11.008658008658008,4.766404199475065,1.8835616438356164
BG_046,BG_046_16092025,506,0.1758103208391626,11.354359925788495,1.8404452690166977,7.242424242424239,3.0026246719160063,1.8835616438356164
BG_046,BG_046_16092025,535,0.3090901516114744,47.77365491651206,3.447124304267163,22.0,14.619422572178472,1.8835616438356164
BG_046,BG_046_16092025,599,0.1818497423398975,23.525046382189235,2.111317254174402,13.29004329004329,10.918635170603668,1.8835616438356164
BG_046,BG_046_16092025,610,0.055365367850914,3.877551020408162,0.7977736549165129,1.177489177489178,0.6719160104986877,1.8835616438356164
BG_046,BG_046_16092025,615,0.0717064223686347,1.2430426716141,0.5751391465677183,2.606060606060605,2.1417322834645667,1.8835616438356164
BG_046,BG_046_17092025,20,0.0622152115299047,31.46205357142857,0.4754464285714306,2.1276041666666714,1.8808373590982328,0.0
BG_046,BG_046_17092025,75,0.2171425293162834,34.38616071428571,2.988839285714292,14.8203125,14.628019323671502,0.0
BG_046,BG_046_17092025,86,0.2078924785266679,46.76339285714285,5.580357142857153,14.359375000000009,13.719806763285035,0.0
BG_046,BG_046_17092025,232,0.1059809287761684,25.022321428571423,4.1183035714285765,6.643229166666668,9.391304347826086,0.0
BG_046,BG_046_17092025,261,0.0758460663754341,17.678571428571427,2.665178571428573,9.955729166666668,8.280193236714975,0.0
BG_046,BG_046_17092025,273,0.2872851292621425,42.22098214285714,7.497767857142861,24.34375,19.43961352657005,0.0
BG_046,BG_046_17092025,413,0.6475988553080501,11.886160714285714,4.191964285714287,12.627604166666668,8.280193236714977,0.0
BG_046,BG_046_17092025,425,0.1871926950622992,24.375,-0.375,-10.830729166666664,-10.508856682769723,0.0
BG_046,BG_046_17092025,482,0.073038817973769,12.39955357142857,2.8348214285714306,15.104166666666671,14.267310789049922,0.0
BG_046,BG_046_17092025,530,0.6914144325430834,19.22991071428571,5.801339285714288,7.018229166666671,7.207729468599037,0.0
BG_046,BG_046_17092025,532,0.0665070527766595,11.908482142857142,2.7946428571428577,14.158854166666668,13.06924315619968,0.0
BG_046,BG_046_17092025,550,0.191149930458209,18.392857142857142,1.3571428571428577,3.653645833333336,2.750402576489538,0.0
BG_046,BG_046_17092025,551,0.0638910284952546,9.921875,1.234375,4.7734375,1.990338164251208,0.0
BG_046,BG_046_17092025,561,0.3729115852556653,10.491071428571429,3.946428571428573,6.205729166666668,6.228663446054748,0.0
BG_046,BG_046_17092025,612,0.0703121854060121,15.167410714285712,-0.4174107142857117,2.8229166666666714,4.734299516908214,0.0
BG_046,BG_046_17092025,616,0.242628548999218,18.33705357142857,3.4598214285714306,5.861979166666668,6.006441223832532,0.0
BG_046,BG_046_17092025,650,0.1324371838609553,27.65625,1.921875,9.817708333333345,9.47504025764895,0.0
BG_046,BG_046_18082025,95,0.1569951545727909,1.95852534562212,-0.1843317972350229,2.1451612903225805,0.2254901960784314,0.0
BG_046,BG_046_18082025,205,0.1210185514196819,23.709677419354843,-2.000000000000004,1.5537634408602123,0.6862745098039227,0.0
BG_046,BG_046_18082025,322,0.1006085563043099,7.580645161290323,0.064516129032258,1.7204301075268829,1.4052287581699368,0.0
BG_046,BG_046_18082025,329,0.1906911260780284,18.940092165898616,1.25345622119816,2.860215053763444,3.9019607843137294,0.0
BG_046,BG_046_18082025,462,0.0947233182747721,33.04147465437787,1.668202764976968,17.18817204301075,4.718954248366014,0.0
BG_046,BG_046_18082025,550,0.0589181490197046,14.423963133640552,3.124423963133641,0.7096774193548381,-0.9803921568627452,0.0
BG_046,BG_046_18082025,613,0.0587861997894783,4.470046082949308,0.3686635944700471,3.3548387096774195,0.9705882352941178,0.0
BG_046,BG_046_19082025,106,0.0620997837727296,18.32565284178187,-1.3579109062979988,-6.369175627240143,-3.512077294685991,0.0
BG_046,BG_046_19082025,196,0.0536374958976202,13.763440860215052,1.4408602150537655,0.3691756272401445,-3.487922705314009,0.0
BG_046,BG_046_19082025,231,0.0828654782948146,0.629800307219662,0.0368663594470046,0.1182795698924731,0.1111111111111112,0.0
BG_046,BG_046_19082025,302,0.0595190251837587,24.915514592933945,1.6221198156682064,9.899641577060931,5.40096618357488,0.0
BG_046,BG_046_19082025,348,0.1108541399661521,40.29185867895545,-2.506912442396313,9.15412186379929,12.57971014492754,0.0
BG_046,BG_046_19082025,429,0.1410919319172036,12.288786482334867,-0.7403993855606732,-3.5304659498207887,-5.154589371980677,0.0
BG_046,BG_046_19082025,551,0.1142201006332761,51.73579109062979,-2.337941628264197,-23.16845878136201,-20.415458937198053,0.0
BG_046,BG_046_20082025,89,0.0747020595838218,10.592334494773516,-0.8687572590011605,-0.742547425474255,1.041666666666666,5.967078189300412
BG_046,BG_046_20082025,183,0.2122091474625679,22.11382113821137,1.36585365853659,1.355013550135503,1.2361111111111145,5.967078189300412
BG_046,BG_046_20082025,325,0.1282058580054149,10.685249709639953,-0.2787456445993026,-1.2953929539295397,-0.1597222222222214,5.967078189300412
BG_046,BG_046_21072025,109,0.0961414551698671,0.3852327447833065,0.1540930979133227,0.1123595505617977,0.4279279279279279,0.6224066390041494
BG_046,BG_046_21072025,234,0.1090337735604494,14.959871589085072,-0.0385232744783312,-0.322097378277153,2.9999999999999982,0.6224066390041494
BG_046,BG_046_21072025,368,0.0898499235511978,6.292134831460674,2.6516853932584263,0.2471910112359552,2.382882882882884,0.6224066390041494
BG_046,BG_046_25072025,64,0.1045654521073373,13.408521303258144,0.4862155388471194,1.2923976608187149,6.565891472868218,31.597845601436266
BG_046,BG_046_25072025,145,0.1227842575081696,12.180451127819548,1.889724310776943,3.5964912280701764,4.45736434108527,31.597845601436266
BG_046,BG_046_25072025,329,0.1231755386832983,20.25062656641604,-0.5313283208020039,5.894736842105267,11.767441860465128,31.597845601436266
BG_046,BG_046_26082025,407,0.0543833615649687,23.95604395604396,0.571428571428573,-1.208791208791208,3.2962962962962976,0.0
BG_046,BG_046_26082025,536,0.1250556114411259,7.032967032967033,0.0439560439560438,0.9010989010989016,0.8240740740740753,0.0
BG_046,BG_046_27082025,174,0.0956909313415453,17.178571428571427,-0.6035714285714278,1.2333333333333345,-1.488372093023255,0.0
BG_046,BG_046_27082025,267,0.1155543821919988,18.017857142857142,1.1571428571428584,-0.3791666666666629,1.5607235142118867,0.0
BG_046,BG_046_27082025,289,0.0730630008812047,22.21428571428571,0.0107142857142896,0.8583333333333307,-2.687338501291986,0.0
BG_046,BG_046_27082025,337,0.2964350541518555,48.94642857142857,4.703571428571429,9.041666666666664,14.45478036175711,0.0
BG_046,BG_046_27082025,368,0.052865317569572,31.44642857142857,-1.7964285714285673,-1.374999999999993,-2.423772609819125,0.0
BG_046,BG_046_28082025,248,0.1727412447277289,19.69303423848877,1.166469893742626,1.019283746556475,0.7074829931972815,0.32733224222585927
BG_046,BG_046_28082025,263,0.2810493446575792,20.02361275088548,1.36481700118064,0.6942148760330582,1.7380952380952372,0.32733224222585927
BG_046,BG_046_28082025,283,0.0736339491983278,27.74498229043684,1.8748524203069683,-1.7851239669421446,-3.0034013605442205,0.32733224222585927
BG_046,BG_046_28082025,410,0.1036041977155486,30.34238488783944,0.9303423848878404,1.961432506887057,-0.6700680272108848,0.32733224222585927
BG_046,BG_046_28082025,504,0.2125705886153074,24.84061393152302,1.4734356552538408,4.352617079889811,-0.0646258503401355,0.32733224222585927
BG_046,BG_046_29082025,88,0.0685363695782172,44.62929475587703,6.104882459312847,6.261603375527429,4.11877394636015,0.6872852233676976
BG_046,BG_046_29082025,273,0.1548993794686137,37.34177215189873,3.87341772151899,3.4599156118143526,3.4137931034482776,0.6872852233676976
BG_046,BG_046_29082025,322,0.0750463709993255,35.96745027124773,1.804701627486452,2.2025316455696213,3.252873563218394,0.6872852233676976
BG_046,BG_046_29082025,357,0.1565427258273617,30.922242314647374,3.5334538878842743,5.5232067510548575,6.747126436781613,0.6872852233676976
BG_046,BG_046_29082025,367,0.0625050191555304,33.30922242314647,-0.2712477396021668,2.025316455696206,-0.5249042145593847,0.6872852233676976
BG_046,BG_046_29082025,456,0.0620128410061803,11.229656419529835,2.770343580470165,0.8987341772151893,1.6130268199233733,0.6872852233676976
BG_046,BG_046_29082025,523,0.0683884462196015,16.94394213381555,5.942133815551539,4.037974683544306,1.9310344827586228,0.6872852233676976
BG_046,BG_046_29082025,562,0.1053524336312442,10.759493670886076,3.670886075949367,1.924050632911392,2.900383141762452,0.6872852233676976
BG_046,BG_046_09072025,6,0.1058287757639017,1.7006802721088436,0.06122448979591821,1.2380952380952381,-0.9855072463768116,57.37051792828686
BG_039,BG_039_16062025,712,0.10131325716939793,1.9548872180451127,0.08020050125313305,-1.8596491228070178,-2.8,83.984375
BG_039,BG_039_270325,472,0.06118930284547619,1.1688311688311686,0.19480519480519498,2.833333333333334,1.9444444444444446,85.08064516129032
BG_039,BG_039_270325,1076,0.12389411034594056,1.4935064935064934,-0.22077922077922074,4.484848484848485,3.5,85.08064516129032
BG_039,BG_039_12062025,152,0.20223661593808565,3.660714285714285,3.339285714285715,6.458333333333334,-1.0555555555555554,90.06342494714588
BG_039,BG_039_29042025,166,0.052506418370191626,6.547619047619047,0.06349206349206415,4.5,4.842105263157894,67.78242677824268
BG_039,BG_039_03062025,85,0.20891587167881365,2.293762575452716,2.044265593561369,5.75586854460094,-1.7272727272727273,80.7843137254902
BG_039,BG_039_03062025,243,0.06617815559526682,14.004024144869215,2.6720321931589535,10.3943661971831,3.575757575757577,80.7843137254902
BG_039,BG_039_09062025,586,0.07367135432361455,0.4910714285714285,0.07142857142857151,-0.3125,-0.15384615384615385,67.95131845841786
BG_039,BG_039_09062025,673,0.07503540899784572,12.366071428571427,1.883928571428573,7.302083333333336,10.102564102564104,67.95131845841786
BG_039,BG_039_02062025,159,0.23892083615000326,4.686998394863564,2.504012841091492,7.43071161048689,-0.8888888888888888,61.39630390143738
BG_039,BG_039_02062025,201,0.060385752250630254,2.536115569823435,1.5088282504012844,2.9662921348314613,1.407407407407407,61.39630390143738
BG_039,BG_039_02062025,351,0.06431130881910385,1.3162118780096308,0.391653290529695,-0.14981273408239704,-0.2962962962962962,61.39630390143738
BG_039,BG_039_02062025,701,0.05570850658221538,5.4253611556982335,0.9117174959871601,-0.06741573033707926,-2.1481481481481475,61.39630390143738
BG_039,BG_039_02062025,706,0.09632340451073271,1.0272873194221508,0.006420545746388617,-0.4494382022471911,-0.8518518518518519,61.39630390143738
BG_039,BG_039_09042025,2,0.07721608652841494,0.7619047619047618,-0.13968253968253952,0.8888888888888888,1.649122807017544,69.77329974811083
BG_039,BG_039_09042025,84,0.3114252229687796,2.793650793650794,-0.12698412698412742,9.6,4.526315789473686,69.77329974811083
BG_039,BG_039_09042025,96,0.05552497347554841,7.047619047619047,0.15238095238095362,2.044444444444445,2.4912280701754383,69.77329974811083
BG_039,BG_039_09042025,290,0.06629411395016732,1.1428571428571428,0.8126984126984127,3.0518518518518523,4.105263157894738,69.77329974811083
BG_039,BG_039_09042025,572,0.07706264223894699,0.952380952380952,0.29206349206349247,0.9185185185185186,0.21052631578947367,69.77329974811083
BG_039,BG_039_09042025,702,0.08564966962295217,8.38095238095238,-0.8253968253968242,-2.5777777777777775,-0.7017543859649127,69.77329974811083
BG_039,BG_039_11062025,146,0.10284214540311307,9.054945054945055,4.2989010989011,2.574358974358976,-5.904761904761904,77.71317829457365
BG_039,BG_039_11062025,245,0.09727995812065662,5.23076923076923,-0.4307692307692301,5.015384615384617,1.666666666666667,77.71317829457365
BG_039,BG_039_11062025,322,0.14490209005975122,5.406593406593406,1.3010989010989018,16.020512820512824,8.904761904761905,77.71317829457365
BG_039,BG_039_11062025,405,0.02612995807861429,8.307692307692307,2.4000000000000004,14.687179487179485,9.095238095238097,77.71317829457365
BG_031,BG_031_14052025,24,0.13359916245305803,1.254355400696864,-0.8153310104529616,-0.11382113821138218,-0.46441947565543074,55.33596837944664
BG_031,BG_031_14052025,56,0.11357447204946305,16.933797909407662,-0.250871080139369,2.7398373983739805,-2.2696629213483135,55.33596837944664
BG_031,BG_031_14052025,142,0.06463950867816579,5.54006968641115,0.1672473867595814,-0.975609756097561,2.0,55.33596837944664
BG_031,BG_031_14052025,415,0.0794582842756737,14.45993031358885,1.1986062717770025,0.8292682926829276,-1.3632958801498116,55.33596837944664
BG_031,BG_031_14052025,551,0.15262639591172134,3.310104529616724,0.2996515679442515,-2.983739837398374,-1.0936329588014977,55.33596837944664
BG_031,BG_031_14052025,564,0.035237269840520245,4.982578397212543,-0.8850174216027868,-1.3821138211382111,-1.7228464419475653,55.33596837944664
