subject,session,unit,n_fast,n_slow,pulse_fwhm_all,pulse_spread_all
BG_046,BG_046_04082025,282,5075,5115,0.06472582939169957,0.26587672182704536
BG_046,BG_046_04082025,299,5075,5115,0.10865529944936841,0.21964939654952695
BG_046,BG_046_04082025,518,5075,5115,0.06063699540227458,0.25502092713208346
BG_046,BG_046_04082025,563,5075,5115,0.03410232333148383,0.27320184818360865
BG_046,BG_046_04082025,583,5075,5115,0.05796641533327407,0.2370872271353484
BG_046,BG_046_10092025,184,15329,15492,0.09344373895290042,0.23608498837196448
BG_046,BG_046_10092025,204,15329,15492,0.09293483501473604,0.2122208121855047
BG_046,BG_046_10092025,457,15329,15492,0.12100607956206821,0.24502239931155118
BG_046,BG_046_10092025,470,15329,15492,0.11210552481288755,0.24728685004174267
BG_046,BG_046_10092025,561,15329,15492,0.06470463715945152,0.28853663355353615
BG_046,BG_046_01072025,278,12678,12613,0.17648635040951033,0.23603812257888052
BG_046,BG_046_12082025,470,12809,12793,0.06110130131000299,0.2733383304484763
BG_046,BG_046_02072025,150,10461,10617,0.10015127686667626,0.2687981410805838
BG_046,BG_046_02072025,262,10461,10617,0.06503847318717582,0.2119771394205896
BG_046,BG_046_02072025,277,10461,10617,0.09720716260717734,0.23464584323218662
BG_046,BG_046_02072025,501,10461,10617,0.10671068203810258,0.15980423753552897
BG_046,BG_046_03072025,191,13152,13013,0.08080781255080874,0.2261521787110833
BG_046,BG_046_03072025,276,13152,13013,0.08130800725330656,0.21336026908250577
BG_046,BG_046_03072025,471,13152,13013,0.13165317096352291,0.22591582263907292
BG_046,BG_046_03072025,598,13152,13013,0.055743442802015486,0.24763360600205395
BG_046,BG_046_12092025,286,13251,13538,0.06681088787268208,0.24958641898198974
BG_046,BG_046_12092025,395,13251,13538,0.3177003202934655,0.2326964082622233
BG_046,BG_046_12092025,568,13251,13538,0.06179349565044935,0.28326663681244113
BG_046,BG_046_11092025,244,15787,15826,0.0701526160546067,0.2645195365226982
BG_046,BG_046_11092025,285,15787,15826,0.1418864825796743,0.23737158598781607
BG_046,BG_046_11092025,537,15787,15826,0.11479963521496722,0.2620800427081726
BG_046,BG_046_13082025,144,14700,14914,0.10994487766726435,0.25315815921569923
BG_046,BG_046_13082025,478,14700,14914,0.1327919829025298,0.2413801465070085
BG_046,BG_046_02092025,16,11543,11723,0.1227859399555532,0.2599220213620375
BG_046,BG_046_02092025,17,11543,11723,0.07202102800045607,0.2314903190605484
BG_046,BG_046_02092025,287,11543,11723,0.10107748965908714,0.2667166867643016
BG_046,BG_046_02092025,422,11543,11723,0.14951487363333682,0.21992249920227758
BG_046,BG_046_04072025,18,10434,10392,0.06092521302965709,0.231715720146577
BG_046,BG_046_04072025,44,10434,10392,0.04344836511086192,0.2422901849986724
BG_046,BG_046_04072025,60,10434,10392,0.08037017144632969,0.24001208516913639
BG_046,BG_046_04072025,179,10434,10392,0.15935391852458858,0.2274092405040774
BG_046,BG_046_04072025,191,10434,10392,0.1157928676626442,0.2471279305539599
BG_046,BG_046_04072025,259,10434,10392,0.11649974241132315,0.21590315953835224
BG_046,BG_046_04072025,336,10434,10392,0.3305575988274072,0.20400961567549095
BG_046,BG_046_04072025,423,10434,10392,0.1814348669822382,0.23303341763708554
BG_046,BG_046_01092025,54,11532,11767,0.07018273172013512,0.2579560055959422
BG_046,BG_046_01092025,216,11532,11767,0.11573699399898929,0.25940798119150005
BG_046,BG_046_01092025,327,11532,11767,0.10589884690750245,0.26213680907150844
BG_046,BG_046_01092025,336,11532,11767,0.11846816848550623,0.2842200679911823
BG_046,BG_046_09092025,58,13731,13866,0.15893566420255623,0.23728873977338238
BG_046,BG_046_09092025,314,13731,13866,0.06652185797972199,0.2456950837644209
BG_046,BG_046_09092025,327,13731,13866,0.2901498269022532,0.23066458751791366
BG_046,BG_046_09092025,329,13731,13866,0.35412323783954663,0.21675620993916933
BG_046,BG_046_09092025,564,13731,13866,0.18427281326292294,0.19595337369987162
BG_046,BG_046_03092025,44,10454,10431,0.03311051138792176,0.24908930555974895
BG_046,BG_046_03092025,93,10454,10431,0.20710183245994282,0.19758201995221417
BG_046,BG_046_03092025,165,10454,10431,0.07635966160771374,0.27706292168470864
BG_046,BG_046_03092025,326,10454,10431,0.06717708359487429,0.21236012654509345
BG_046,BG_046_03092025,473,10454,10431,0.11277335111519934,0.2540885002206748
BG_046,BG_046_03092025,479,10454,10431,0.06600122073099829,0.2420280484087357
BG_046,BG_046_08092025,242,13673,13683,0.10210536210272969,0.20590434001517066
BG_046,BG_046_08092025,284,13673,13683,0.10386789969020316,0.2163844225073381
BG_046,BG_046_08092025,292,13673,13683,0.10286617657625671,0.24316778364127864
BG_046,BG_046_08092025,321,13673,13683,0.16807882376443528,0.19694901681085653
BG_046,BG_046_08092025,396,13673,13683,0.06942788409513129,0.2233314452485628
BG_046,BG_046_08092025,560,13673,13683,0.3067827729418014,0.21946230651505555
BG_046,BG_046_08092025,565,13673,13683,0.055279992231184516,0.22821405167497769
BG_046,BG_046_21072025,109,6869,7029,0.10011842415605365,0.24757431423831397
BG_046,BG_046_21072025,234,6869,7029,0.07521235818398964,0.2523425056616696
BG_046,BG_046_21072025,368,6869,7029,0.07785718647476397,0.2677557300535124
BG_046,BG_046_20082025,89,12320,12344,0.0965699730207944,0.22701487506184345
BG_046,BG_046_20082025,183,12320,12344,0.1654182116528416,0.22735442003047754
BG_046,BG_046_20082025,325,12320,12344,0.1114036849221397,0.19590734609262186
BG_046,BG_046_26082025,407,7273,7348,0.06253943170487186,0.21641491226176798
BG_046,BG_046_26082025,536,7273,7348,0.14778905463977465,0.2337252204062254
BG_046,BG_046_25072025,64,13660,13690,0.15305712009481545,0.2562149475332746
BG_046,BG_046_25072025,145,13660,13690,0.0979045084545706,0.22727626457385078
BG_046,BG_046_25072025,329,13660,13690,0.05715870162942449,0.25993162385570573
BG_046,BG_046_14082025,94,14686,14643,0.10242885543236913,0.23321421108773618
BG_046,BG_046_14082025,132,14686,14643,0.06424112275231235,0.23214675498286522
BG_046,BG_046_14082025,481,14686,14643,0.10616420368702417,0.22727157427896924
BG_046,BG_046_14082025,486,14686,14643,0.09850000565972239,0.23046837542579132
BG_046,BG_046_18082025,95,8840,9044,0.20725755653618713,0.20239669195591373
BG_046,BG_046_18082025,205,8840,9044,0.0752320455348674,0.262049153358775
BG_046,BG_046_18082025,322,8840,9044,0.06284790313089861,0.2524293525226213
BG_046,BG_046_18082025,329,8840,9044,0.09198561433158954,0.25712171598631556
BG_046,BG_046_18082025,462,8840,9044,0.09939055233804284,0.22081670489152833
BG_046,BG_046_18082025,550,8840,9044,0.13027061139238041,0.21533466432852907
BG_046,BG_046_18082025,613,8840,9044,0.1735119093062929,0.26100585889259625
BG_039,BG_039_01052025,150,13381,13578,0.0946272922809912,0.22759982190493516
BG_039,BG_039_01052025,379,13381,13578,0.13307601434263644,0.24371853475551752
BG_039,BG_039_01052025,446,13381,13578,0.05971371442221379,0.22452902404813824
BG_039,BG_039_01052025,689,13381,13578,0.09640805434444955,0.22806991939977228
BG_039,BG_039_01052025,867,13381,13578,0.11022744752377134,0.22322396227342148
BG_039,BG_039_06052025,210,6955,7002,0.167498019953845,0.20820716545217022
BG_039,BG_039_06052025,212,6955,7002,0.14741217403415552,0.21933515668140383
BG_039,BG_039_06052025,330,6955,7002,0.06136573477868601,0.22199379990320559
BG_039,BG_039_06052025,729,6955,7002,0.15928393210506275,0.30732335662183186
BG_046,BG_046_27082025,174,10494,10412,0.3218087013831587,0.21561194889858862
BG_046,BG_046_27082025,267,10494,10412,0.12060399144306727,0.23389424367489167
BG_046,BG_046_27082025,289,10494,10412,0.11537377954101047,0.22165774456458762
BG_046,BG_046_27082025,337,10494,10412,0.07242259611220608,0.2061870562669841
BG_046,BG_046_27082025,368,10494,10412,0.18007560354018332,0.22268008051014362
BG_046,BG_046_19082025,106,12302,12374,0.07443190867627775,0.2437135215703124
BG_046,BG_046_19082025,196,12302,12374,0.06050348124880334,0.22763765528233051
BG_046,BG_046_19082025,231,12302,12374,0.22111946560654944,0.19847446944307562
BG_046,BG_046_19082025,302,12302,12374,0.1453232571871007,0.19421168754414517
BG_046,BG_046_19082025,348,12302,12374,0.16045831936091087,0.25707361121123323
BG_046,BG_046_19082025,429,12302,12374,0.1138413665683275,0.2651081104807883
BG_046,BG_046_19082025,551,12302,12374,0.1623000329907049,0.21005975811498376
BG_046,BG_046_28082025,248,9296,9282,0.09213903599812781,0.257513378554228
BG_046,BG_046_28082025,263,9296,9282,0.09028162529482625,0.23422124904662223
BG_046,BG_046_28082025,283,9296,9282,0.1709752881878004,0.27638097933208805
BG_046,BG_046_28082025,410,9296,9282,0.13047225297387474,0.22348917051499714
BG_046,BG_046_28082025,504,9296,9282,0.08596342568334647,0.21980231950308649
BG_046,BG_046_15092025,123,13457,13769,0.14818310563383108,0.23048942682847331
BG_046,BG_046_15092025,131,13457,13769,0.10824335363304083,0.27493065196976924
BG_046,BG_046_15092025,428,13457,13769,0.11831456155686998,0.24093271249346745
BG_046,BG_046_15092025,441,13457,13769,0.0984542146785915,0.2332313958011542
BG_046,BG_046_15092025,461,13457,13769,0.41747779305911037,0.19939834965037212
BG_046,BG_046_15092025,476,13457,13769,0.06650782343945028,0.28155193741399176
BG_046,BG_046_15092025,517,13457,13769,0.0758079304813779,0.23968892539403974
BG_046,BG_046_15092025,533,13457,13769,0.30341363954663564,0.182894611284693
BG_046,BG_046_15092025,562,13457,13769,0.17939225258681135,0.22920796829070442
BG_046,BG_046_15092025,613,13457,13769,0.2666762459119365,0.20627036178922267
BG_046,BG_046_15092025,617,13457,13769,0.11957818486545047,0.24327346217940823
BG_039,BG_039_08052025,88,13379,13148,0.0756789899633763,0.2776983494939763
BG_039,BG_039_08052025,116,13379,13148,0.13861960403521006,0.2661596062019936
BG_039,BG_039_08052025,140,13379,13148,0.05445827552577645,0.23694892955696764
BG_039,BG_039_08052025,683,13379,13148,0.08492916306705267,0.22040226680298858
BG_046,BG_046_15082025,13,12434,12478,0.13758298727643026,0.23635662167962498
BG_046,BG_046_15082025,14,12434,12478,0.03590825587760538,0.26307681425891594
BG_046,BG_046_15082025,76,12434,12478,0.08025032740526886,0.2134513804849586
BG_046,BG_046_15082025,187,12434,12478,0.057450263079867114,0.29627448872781553
BG_046,BG_046_15082025,231,12434,12478,0.16473192447813334,0.2446858699185398
BG_046,BG_046_15082025,237,12434,12478,0.06068057675508069,0.2619226603073641
BG_046,BG_046_15082025,311,12434,12478,0.06316565206469366,0.2717994121102456
BG_046,BG_046_15082025,343,12434,12478,0.15315801497770734,0.22811370388629454
BG_046,BG_046_15082025,416,12434,12478,0.24558584391078248,0.20956765165206406
BG_046,BG_046_15082025,450,12434,12478,0.07597775374952315,0.24289165800547777
BG_046,BG_046_15082025,504,12434,12478,0.1604701596814753,0.22845529137953743
BG_046,BG_046_15082025,516,12434,12478,0.3245704133375994,0.2068972775778611
BG_046,BG_046_15082025,525,12434,12478,0.10324757329967643,0.24644006862400056
BG_046,BG_046_15082025,527,12434,12478,0.10797393085073148,0.2729435982024546
BG_039,BG_039_12052025,237,14598,14814,0.10311899673902514,0.1923792509806537
BG_039,BG_039_12052025,941,14598,14814,0.08212099196555311,0.22460758555049476
BG_046,BG_046_16092025,315,11249,11515,0.11053149768489712,0.23716982554378807
BG_046,BG_046_16092025,372,11249,11515,0.0806485490210433,0.24262322645210885
BG_046,BG_046_16092025,376,11249,11515,0.08600213184379973,0.25892652334063915
BG_046,BG_046_16092025,393,11249,11515,0.07627589197646376,0.250588624078374
BG_046,BG_046_16092025,406,11249,11515,0.08540067403453877,0.21099676904601952
BG_046,BG_046_16092025,501,11249,11515,0.1122368681676334,0.21661240677676255
BG_046,BG_046_16092025,506,11249,11515,0.07166179393329869,0.3002258666920546
BG_046,BG_046_16092025,535,11249,11515,0.11595926451338379,0.2262990977697653
BG_046,BG_046_16092025,599,11249,11515,0.1581852837031259,0.23064437020414574
BG_046,BG_046_16092025,610,11249,11515,0.09900624002546693,0.25471901626354915
BG_046,BG_046_16092025,615,11249,11515,0.06045096260893418,0.24809022148287752
BG_039,BG_039_02042025,66,19934,20288,0.07334487124998079,0.21200212921545658
BG_039,BG_039_02042025,671,19934,20288,0.14993992532288852,0.23853750200628582
BG_046,BG_046_29082025,88,10803,11004,0.21214045077209917,0.18518011533497822
BG_046,BG_046_29082025,273,10803,11004,0.06293176715121923,0.22268982198475173
BG_046,BG_046_29082025,322,10803,11004,0.1666632192668555,0.2840883950643818
BG_046,BG_046_29082025,357,10803,11004,0.1294024125077879,0.25565015195511587
BG_046,BG_046_29082025,367,10803,11004,0.08358851344395479,0.2908361056511472
BG_046,BG_046_29082025,456,10803,11004,0.06113835758564756,0.19460692680238148
BG_046,BG_046_29082025,523,10803,11004,0.07928100812464434,0.2379650245174177
BG_046,BG_046_29082025,562,10803,11004,0.08388774530687361,0.23737476809179875
BG_031,BG_031_050325,305,8387,8176,0.12174274632330692,0.23055487613802433
BG_031,BG_031_050325,610,8387,8176,0.17609787418577066,0.22171986280871206
BG_039,BG_039_22052025,296,14802,14935,0.23764161534469294,0.24201225970876644
BG_039,BG_039_22052025,658,14802,14935,0.2156330852014003,0.2604919441442395
BG_039,BG_039_14052025,933,19816,19981,0.13260354989614898,0.244405569847632
BG_039,BG_039_14052025,1005,19816,19981,0.18710124344998813,0.25586177950636285
BG_039,BG_039_20052025,189,13514,13716,0.13801947135813958,0.23066093423346254
BG_039,BG_039_20052025,440,13514,13716,0.08053588186341343,0.23556992761153916
BG_039,BG_039_20052025,790,13514,13716,0.07037080035192578,0.260253990294239
BG_039,BG_039_16052025,129,15142,15192,0.0924566260164093,0.2174851592519079
BG_039,BG_039_16052025,201,15142,15192,0.12035794955361934,0.23777099318826256
BG_039,BG_039_16052025,225,15142,15192,0.1726274259936148,0.22501633674044547
BG_039,BG_039_16052025,226,15142,15192,0.3179284664717634,0.1516395655978297
BG_039,BG_039_16052025,369,15142,15192,0.046949204363918806,0.25668281197596576
BG_039,BG_039_16052025,848,15142,15192,0.07934364632487773,0.25588043403879873
BG_039,BG_039_16052025,856,15142,15192,0.05618108505182695,0.2706722423709312
BG_039,BG_039_16052025,895,15142,15192,0.07002221954689342,0.18314517490024834
BG_039,BG_039_16052025,948,15142,15192,0.26396884607882987,0.2064862996245011
BG_039,BG_039_15042025,267,18462,18509,0.07647044506665945,0.2367995792799793
BG_039,BG_039_15042025,782,18462,18509,0.14525687535699655,0.2485140773987747
BG_039,BG_039_16042025,93,18274,18343,0.0886484094991506,0.24861838190836885
BG_039,BG_039_16042025,661,18274,18343,0.19652355740649696,0.23923054161145127
BG_039,BG_039_16042025,761,18274,18343,0.27294105603073204,0.21602808542193877
BG_039,BG_039_16042025,770,18274,18343,0.0539424710452002,0.2369360388162341
BG_046,BG_046_17092025,20,14874,15109,0.0891795840408462,0.20860493592571797
BG_046,BG_046_17092025,75,14874,15109,0.053716437643913276,0.25015645762748645
BG_046,BG_046_17092025,86,14874,15109,0.1404886662074164,0.23766095264360548
BG_046,BG_046_17092025,232,14874,15109,0.07957441645113861,0.25184527958097064
BG_046,BG_046_17092025,261,14874,15109,0.07066038734057269,0.2568422223928039
BG_046,BG_046_17092025,273,14874,15109,0.08116206046801244,0.2671564112287364
BG_046,BG_046_17092025,413,14874,15109,0.1281927326616933,0.24452242724795406
BG_046,BG_046_17092025,425,14874,15109,0.10404872701244486,0.22036592021438434
BG_046,BG_046_17092025,482,14874,15109,0.29721638886711266,0.2640701227391904
BG_046,BG_046_17092025,530,14874,15109,0.21088168088160264,0.22684093572314254
BG_046,BG_046_17092025,532,14874,15109,0.2934633548851473,0.2686084168782556
BG_046,BG_046_17092025,550,14874,15109,0.12679100534670484,0.22253471236812566
BG_046,BG_046_17092025,551,14874,15109,0.10037976836231599,0.2717337724912425
BG_046,BG_046_17092025,561,14874,15109,0.3002711415077832,0.2329656259636834
BG_046,BG_046_17092025,612,14874,15109,0.29193441725237335,0.23236550604597145
BG_046,BG_046_17092025,616,14874,15109,0.23912838092513244,0.24395835248024217
BG_046,BG_046_17092025,650,14874,15109,0.1041980821251487,0.25721529079713823
BG_031,BG_031_12052025,6,11381,11661,0.07245891705627634,0.2204164486910886
BG_031,BG_031_12052025,32,11381,11661,0.11433582327188063,0.2436923788637485
BG_031,BG_031_12052025,39,11381,11661,0.07396801648893747,0.260767127811971
BG_031,BG_031_12052025,50,11381,11661,0.027918559180867178,0.2724292382831955
BG_031,BG_031_12052025,103,11381,11661,0.06797889292009074,0.273953965714724
BG_031,BG_031_12052025,327,11381,11661,0.0715836006230727,0.2500996140643193
BG_031,BG_031_12052025,398,11381,11661,0.10355945523728477,0.220046063070114
BG_031,BG_031_12052025,416,11381,11661,0.1206813020783134,0.1877310647134677
BG_031,BG_031_12052025,442,11381,11661,0.12927275757876214,0.1526924221737994
BG_031,BG_031_12052025,522,11381,11661,0.22173315983407188,0.20730195156186523
BG_031,BG_031_12052025,527,11381,11661,0.18499600045016706,0.2409127094847874
BG_031,BG_031_110325,34,17698,17815,0.16502400369904113,0.23620077518195515
BG_031,BG_031_110325,376,17698,17815,0.07494152523483832,0.2003368504463772
BG_031,BG_031_110325,438,17698,17815,0.16370231420293108,0.23461710381033254
BG_031,BG_031_110325,496,17698,17815,0.09055523400802823,0.2725452680408895
BG_031,BG_031_110325,518,17698,17815,0.07154970509406389,0.2496441352156314
BG_031,BG_031_100325,58,18352,18318,0.1137183503541764,0.21576371058948018
BG_031,BG_031_100325,75,18352,18318,0.18251803623435803,0.25537803602758496
BG_031,BG_031_100325,113,18352,18318,0.0607298347157848,0.24127649154763803
BG_031,BG_031_100325,380,18352,18318,0.07697595349336306,0.21587644738569142
BG_031,BG_031_100325,426,18352,18318,0.0865672027114387,0.2453366768562012
BG_031,BG_031_100325,556,18352,18318,0.06497116262278224,0.22324488144998872
BG_031,BG_031_130325,221,26523,26430,0.06956429202461661,0.19598342742934743
BG_031,BG_031_130325,277,26523,26430,0.07251376526607095,0.25910954328550084
BG_031,BG_031_130325,404,26523,26430,0.054030216251584884,0.2073106055260134
BG_031,BG_031_130325,441,26523,26430,0.05898588246716924,0.21218028185940402
BG_031,BG_031_130325,617,26523,26430,0.0990409378256503,0.24402061697537605
BG_031,BG_031_140325,70,19673,19618,0.07633282957990592,0.2425125948119579
BG_031,BG_031_140325,249,19673,19618,0.056920960081091446,0.23856723335184282
BG_031,BG_031_140325,285,19673,19618,0.10281092831647476,0.2627198737812385
BG_031,BG_031_140325,295,19673,19618,0.053657606194752905,0.21733970519691553
BG_031,BG_031_140325,379,19673,19618,0.15456595235809706,0.24688810729234892
BG_031,BG_031_070325,170,16068,16301,0.08446013753975107,0.22546903983579383
BG_031,BG_031_070325,243,16068,16301,0.2455119126491246,0.18495800549549093
BG_031,BG_031_070325,394,16068,16301,0.09876481445681395,0.27049016276603777
BG_031,BG_031_070325,430,16068,16301,0.10912675625193262,0.22557382061751582
BG_031,BG_031_070325,497,16068,16301,0.07437068864535551,0.23746772216226383
BG_031,BG_031_070325,500,16068,16301,0.06774253507256045,0.2227013782014343
BG_031,BG_031_15042025,112,19979,19732,0.09407822823366793,0.2284926484763977
BG_031,BG_031_01052025,3,20010,20159,0.0888781084162159,0.20659906083196322
BG_031,BG_031_01052025,29,20010,20159,0.06569473724690486,0.2408596550988333
BG_031,BG_031_01052025,43,20010,20159,0.0758849401568375,0.23256129725554894
BG_031,BG_031_01052025,61,20010,20159,0.3039494829025924,0.20548916464647035
BG_031,BG_031_01052025,74,20010,20159,0.11478453326391169,0.20849756129381133
BG_031,BG_031_01052025,83,20010,20159,0.05985615118493881,0.23516737239591193
BG_031,BG_031_01052025,96,20010,20159,0.10282565226866398,0.2369009614903427
BG_031,BG_031_01052025,114,20010,20159,0.17178444457197972,0.22032082983807233
BG_031,BG_031_01052025,167,20010,20159,0.18259382121271517,0.20889172253017174
BG_031,BG_031_01052025,192,20010,20159,0.07113610595190271,0.28373855410083865
BG_031,BG_031_01052025,240,20010,20159,0.07703414131080555,0.29850047423230025
BG_031,BG_031_01052025,347,20010,20159,0.06646527269724244,0.23914154027915843
BG_031,BG_031_01052025,373,20010,20159,0.07456821299031458,0.2850643062577551
BG_031,BG_031_01052025,417,20010,20159,0.3088159583762224,0.22939159112234916
BG_031,BG_031_01052025,506,20010,20159,0.1153025141375843,0.24960446477980888
BG_031,BG_031_01052025,508,20010,20159,0.1489449048958031,0.17647792780283555
BG_031,BG_031_01052025,536,20010,20159,0.19040854671344243,0.1989978778216726
BG_031,BG_031_01052025,609,20010,20159,0.10046496029306551,0.2503604881812494
BG_031,BG_031_09052025,8,10519,10651,0.1418034646045252,0.27017778925184877
BG_031,BG_031_09052025,19,10519,10651,0.11790571032547381,0.260234849873
BG_031,BG_031_09052025,27,10519,10651,0.08703087520760013,0.20914090133383947
BG_031,BG_031_09052025,40,10519,10651,0.20349066609458327,0.2183746068222259
BG_031,BG_031_09052025,66,10519,10651,0.4041292742714262,0.23021167879362192
BG_031,BG_031_09052025,84,10519,10651,0.0679168118172579,0.2073040589867116
BG_031,BG_031_09052025,88,10519,10651,0.04823695371304182,0.2919920720215486
BG_031,BG_031_09052025,108,10519,10651,0.11020259947669231,0.18371072465125318
BG_031,BG_031_09052025,131,10519,10651,0.08947325804178155,0.21307038699234288
BG_031,BG_031_09052025,148,10519,10651,0.07262413835726339,0.2685163921557209
BG_031,BG_031_09052025,177,10519,10651,0.2027592694297604,0.20856553965070637
BG_031,BG_031_09052025,368,10519,10651,0.12239700956974572,0.21454890112333994
BG_031,BG_031_09052025,415,10519,10651,0.059631425487495865,0.2752023794329199
BG_031,BG_031_09052025,425,10519,10651,0.18142124854372435,0.229289175461215
BG_031,BG_031_09052025,452,10519,10651,0.08357584572672815,0.24511287021238443
BG_031,BG_031_09052025,473,10519,10651,0.10199772004821656,0.2300997788927809
BG_031,BG_031_09052025,479,10519,10651,0.1169668981922897,0.2549217492577293
BG_031,BG_031_09052025,482,10519,10651,0.05356846633107287,0.19992588097650785
BG_031,BG_031_09052025,531,10519,10651,0.17233113780509712,0.21783934106816208
BG_031,BG_031_19052025,35,5807,5900,0.11314879278087486,0.24884673033327612
BG_031,BG_031_19052025,61,5807,5900,0.08717237731261487,0.25401597526714603
BG_031,BG_031_19052025,113,5807,5900,0.07796522684218188,0.26294116797000777
BG_031,BG_031_19052025,170,5807,5900,0.23508086124797922,0.2555099445975448
BG_031,BG_031_19052025,194,5807,5900,0.09328509722790193,0.26600341124847054
BG_031,BG_031_19052025,369,5807,5900,0.12571612684005976,0.25314226614850815
BG_031,BG_031_19052025,581,5807,5900,0.04018342820101961,0.27487962872667543
BG_031,BG_031_09042025,35,14827,15039,0.06684343671352827,0.23069261217362064
BG_031,BG_031_09042025,37,14827,15039,0.06272546022591051,0.2416059887874745
BG_031,BG_031_09042025,73,14827,15039,0.15615826187894483,0.23256182710446333
BG_031,BG_031_09042025,74,14827,15039,0.19851249678530428,0.1808057619023736
BG_031,BG_031_09042025,113,14827,15039,0.061353788516146146,0.2571219116347134
BG_031,BG_031_09042025,125,14827,15039,0.2621325378891359,0.2098031146421456
BG_031,BG_031_09042025,155,14827,15039,0.13409040597603578,0.20234063506037722
BG_031,BG_031_09042025,187,14827,15039,0.09663919580135907,0.21365279633964343
BG_031,BG_031_09042025,266,14827,15039,0.058233353406904984,0.20658704708795322
BG_031,BG_031_09042025,365,14827,15039,0.13117141637525398,0.20760393994734416
BG_031,BG_031_09042025,376,14827,15039,0.16290346831709135,0.2508241476174366
BG_031,BG_031_09042025,423,14827,15039,0.06987768639167848,0.2167091099258984
BG_031,BG_031_16052025,4,11062,11067,0.11280258696705277,0.20298727918829562
BG_031,BG_031_16052025,12,11062,11067,0.06663798501537177,0.22903811128465087
BG_031,BG_031_16052025,59,11062,11067,0.15824069925074036,0.2431192347402535
BG_031,BG_031_16052025,60,11062,11067,0.12026964285708494,0.23916436466727625
BG_031,BG_031_16052025,84,11062,11067,0.060019809511650785,0.20542190563158483
BG_031,BG_031_16052025,97,11062,11067,0.1472645184392758,0.17369020034108973
BG_031,BG_031_16052025,313,11062,11067,0.07931159147345013,0.24676607377678836
BG_031,BG_031_16052025,343,11062,11067,0.029773247154292748,0.251029292871481
BG_031,BG_031_16052025,435,11062,11067,0.1165474604362581,0.22889277855743403
BG_031,BG_031_16052025,492,11062,11067,0.0533489526274733,0.23967480998500945
BG_031,BG_031_16042025,39,17752,17749,0.06663087383135442,0.28280584826676053
BG_031,BG_031_16042025,153,17752,17749,0.14906589033004583,0.22274204682533916
BG_031,BG_031_16042025,223,17752,17749,0.07042044641428123,0.2354169549548006
BG_031,BG_031_16042025,486,17752,17749,0.29798647344699825,0.19291862488831676
BG_031,BG_031_16042025,628,17752,17749,0.18532033371408613,0.24170985649019405
BG_031,BG_031_02042025,18,17754,17799,0.1631291422365725,0.16792680914635702
BG_031,BG_031_02042025,79,17754,17799,0.11475301388056401,0.20923206895807792
BG_031,BG_031_02042025,80,17754,17799,0.1644245747623047,0.1904840425106481
BG_031,BG_031_02042025,92,17754,17799,0.0878489192801252,0.24260938487176853
BG_031,BG_031_02042025,157,17754,17799,0.061562174649050616,0.21010353410223315
BG_031,BG_031_02042025,269,17754,17799,0.2186290109203777,0.17060433013645565
BG_031,BG_031_02042025,312,17754,17799,0.11583255872587556,0.22556043368490467
BG_031,BG_031_02042025,327,17754,17799,0.06388565797324053,0.2520521169683564
BG_031,BG_031_02042025,388,17754,17799,0.08301429019571119,0.1784587081889822
BG_031,BG_031_02042025,417,17754,17799,0.07283719715949316,0.23076137455873758
BG_031,BG_031_02042025,425,17754,17799,0.18023752118048086,0.19270681362184125
BG_031,BG_031_02042025,461,17754,17799,0.0351861124785503,0.2443915559503627
BG_031,BG_031_02042025,524,17754,17799,0.12887953323156845,0.22024951483872462
BG_031,BG_031_02042025,525,17754,17799,0.09732106753076536,0.21962259953427446
BG_031,BG_031_22052025,36,12081,12311,0.09661181968795102,0.24901880747001878
BG_031,BG_031_22052025,101,12081,12311,0.12919232951601006,0.20515820063286447
BG_031,BG_031_22052025,427,12081,12311,0.1862339238050295,0.19263865466806857
BG_031,BG_031_22052025,447,12081,12311,0.061774912730884285,0.26227800177041855
BG_031,BG_031_22052025,457,12081,12311,0.10331723316669045,0.23265703616283348
BG_031,BG_031_08042025,51,12250,12494,0.08060506257692085,0.2493211174551009
BG_031,BG_031_08042025,74,12250,12494,0.08597301479679431,0.24154650964127466
BG_031,BG_031_08042025,94,12250,12494,0.032573055706549225,0.22761343619802227
BG_031,BG_031_08042025,111,12250,12494,0.05061067837851263,0.255854370774416
BG_031,BG_031_08042025,148,12250,12494,0.09181494339499924,0.2510742898239472
BG_031,BG_031_08042025,203,12250,12494,0.07902737431297324,0.25223951312247456
BG_031,BG_031_08042025,217,12250,12494,0.1457821780620639,0.2168196140214384
BG_031,BG_031_08042025,239,12250,12494,0.08104860376220015,0.18878469801350464
BG_031,BG_031_08042025,261,12250,12494,0.21542074074732104,0.27184322025321
BG_031,BG_031_08042025,316,12250,12494,0.10897419508650641,0.25849338793385623
BG_031,BG_031_08042025,360,12250,12494,0.11230969789828671,0.21786836405577079
BG_031,BG_031_08042025,427,12250,12494,0.10659416843978775,0.25056511106304796
BG_031,BG_031_08042025,438,12250,12494,0.07041419756764872,0.22535406359175025
BG_031,BG_031_08042025,498,12250,12494,0.08710657450347942,0.21041827250851608
BG_031,BG_031_170325,14,20755,20880,0.05377607390448741,0.24866434231725504
BG_031,BG_031_170325,20,20755,20880,0.12588583670580938,0.2336402378712197
BG_031,BG_031_170325,78,20755,20880,0.12597693688369077,0.2468936126431728
BG_031,BG_031_170325,298,20755,20880,0.09689352696850823,0.24184974026397324
BG_031,BG_031_170325,303,20755,20880,0.17172199492556395,0.24389948656389104
BG_031,BG_031_170325,304,20755,20880,0.07257007016354178,0.22499248432063806
BG_031,BG_031_170325,386,20755,20880,0.10670623683538429,0.17230925237360173
BG_031,BG_031_170325,442,20755,20880,0.06998431809553973,0.16949328904975391
BG_031,BG_031_170325,522,20755,20880,0.050741720153480316,0.2561000575132435
BG_031,BG_031_180325,101,18052,18298,0.03682076237128959,0.26708871556259667
BG_031,BG_031_180325,114,18052,18298,0.08683356579614171,0.2195167052186418
BG_031,BG_031_180325,116,18052,18298,0.1134440411762686,0.2071434018249567
BG_031,BG_031_180325,226,18052,18298,0.10059106412883599,0.25284289711003266
BG_031,BG_031_180325,249,18052,18298,0.17106932525856955,0.25056534027797944
BG_031,BG_031_180325,341,18052,18298,0.1292819381776551,0.28739569373924423
BG_031,BG_031_180325,356,18052,18298,0.22388783259379472,0.19635292310018876
BG_031,BG_031_180325,383,18052,18298,0.12813648117194953,0.27070706183923865
BG_031,BG_031_180325,396,18052,18298,0.06331348556178226,0.20264322876532762
BG_031,BG_031_180325,398,18052,18298,0.06128575130202123,0.2281373638729854
BG_031,BG_031_180325,445,18052,18298,0.24591627387034712,0.20021050124538212
BG_031,BG_031_180325,452,18052,18298,0.08591359898974471,0.2595594451703991
BG_031,BG_031_180325,474,18052,18298,0.11051394530845446,0.21538204296776012
BG_031,BG_031_25042025,12,16613,16916,0.06900108308806996,0.22916196547694545
BG_031,BG_031_25042025,67,16613,16916,0.10559052152597971,0.21653427690242885
BG_031,BG_031_25042025,170,16613,16916,0.1019605722008422,0.24426240536972615
BG_031,BG_031_25042025,219,16613,16916,0.07616756739013197,0.2621808793219174
BG_031,BG_031_25042025,503,16613,16916,0.06754641540731021,0.23956169658723758
BG_031,BG_031_25042025,512,16613,16916,0.06194212439323883,0.25658376566874713
BG_031,BG_031_190325,21,17408,17587,0.10244024456493356,0.23500980447719635
BG_031,BG_031_190325,110,17408,17587,0.0967113746263607,0.22676012148794308
BG_031,BG_031_190325,113,17408,17587,0.06952893033378549,0.23561643459796147
BG_031,BG_031_190325,194,17408,17587,0.06930434735809865,0.24790131198244716
BG_031,BG_031_190325,260,17408,17587,0.06106924746829645,0.24411067174773554
BG_031,BG_031_190325,376,17408,17587,0.08585468138909728,0.206284850740719
BG_031,BG_031_190325,386,17408,17587,0.07023528213957714,0.25060906644351383
BG_031,BG_031_190325,391,17408,17587,0.0850921164115313,0.23902158531868292
BG_031,BG_031_190325,411,17408,17587,0.14243096321108717,0.24155513890652838
BG_031,BG_031_190325,493,17408,17587,0.08726144960210923,0.22677012743141456
BG_031,BG_031_120325,0,14406,14571,0.13119691441321746,0.22783353955445462
BG_031,BG_031_120325,6,14406,14571,0.1771014893143385,0.2061900540148686
BG_031,BG_031_120325,45,14406,14571,0.13520969910718106,0.1905123079928708
BG_031,BG_031_120325,114,14406,14571,0.05252247208446949,0.2714131461106802
BG_031,BG_031_120325,252,14406,14571,0.2640710678488911,0.1597296055192739
BG_031,BG_031_120325,279,14406,14571,0.06996510436091607,0.21963924197394688
BG_031,BG_031_120325,287,14406,14571,0.1244264801160872,0.21928789347803046
BG_031,BG_031_120325,340,14406,14571,0.10886885494574608,0.19699749658988522
BG_031,BG_031_120325,353,14406,14571,0.1243397998017175,0.20232397568385901
BG_031,BG_031_120325,362,14406,14571,0.08045990599330477,0.22097257812178323
BG_031,BG_031_120325,369,14406,14571,0.06600690481320626,0.2642956108334674
BG_031,BG_031_120325,376,14406,14571,0.055554957995807674,0.2603318477836403
BG_031,BG_031_120325,388,14406,14571,0.09558251946505814,0.2203413645739249
BG_031,BG_031_120325,424,14406,14571,0.06191702137020212,0.23129263385641627
BG_031,BG_031_120325,437,14406,14571,0.19167239215693166,0.20775315933948763
BG_031,BG_031_120325,524,14406,14571,0.06781545650389818,0.2684815080149884
BG_031,BG_031_120325,542,14406,14571,0.07860343258515118,0.2170453772688544
BG_031,BG_031_120325,555,14406,14571,0.10406146893290205,0.24465991953682617
BG_031,BG_031_120325,567,14406,14571,0.07400551550742851,0.21695565373338221
BG_031,BG_031_250325,15,17659,18141,0.43192895280629845,0.18448323073157658
BG_031,BG_031_250325,121,17659,18141,0.06853715057860321,0.27584596315704246
BG_031,BG_031_250325,196,17659,18141,0.1531575351394736,0.22776202065162449
BG_031,BG_031_250325,287,17659,18141,0.07349240441492488,0.2438840839661102
BG_031,BG_031_250325,294,17659,18141,0.19667245239061876,0.18957439952874258
BG_031,BG_031_250325,368,17659,18141,0.03282712650690858,0.27667556528964354
BG_031,BG_031_250325,409,17659,18141,0.22115991866275345,0.1877455465806791
BG_031,BG_031_250325,411,17659,18141,0.06599782145941264,0.22971595188179422
BG_031,BG_031_250325,419,17659,18141,0.09474784060758612,0.258413401318461
BG_031,BG_031_250325,442,17659,18141,0.06334467077001882,0.19723778560662883
BG_031,BG_031_250325,545,17659,18141,0.22183101522005702,0.24409876129406996
BG_031,BG_031_14042025,15,12865,13223,0.06983962908187058,0.2548971980951347
BG_031,BG_031_14042025,17,12865,13223,0.07165541082531063,0.220029746823232
BG_031,BG_031_14042025,22,12865,13223,0.057836867671828995,0.2505775313300348
BG_031,BG_031_14042025,53,12865,13223,0.08223430506854723,0.21123929390580906
BG_031,BG_031_14042025,71,12865,13223,0.19294311687420027,0.1904697950162667
BG_031,BG_031_14042025,73,12865,13223,0.11308528513000013,0.20677467814084938
BG_031,BG_031_14042025,101,12865,13223,0.23117320380630973,0.1901241342570252
BG_031,BG_031_14042025,124,12865,13223,0.11808140391077222,0.22329316065724317
BG_031,BG_031_14042025,146,12865,13223,0.10163457758984834,0.24541827322475218
BG_031,BG_031_14042025,242,12865,13223,0.029745682193773937,0.2878921716508502
BG_031,BG_031_14042025,264,12865,13223,0.3533736035198688,0.21259158013882185
BG_031,BG_031_14042025,308,12865,13223,0.12900795373843144,0.2301311121131595
BG_031,BG_031_14042025,309,12865,13223,0.2874635476076434,0.21248233820136456
BG_031,BG_031_14042025,312,12865,13223,0.13798607417070582,0.2485010827544023
BG_031,BG_031_14042025,321,12865,13223,0.06851145102916373,0.22804600967876248
BG_031,BG_031_14042025,410,12865,13223,0.12639802905908062,0.18994592268329466
BG_031,BG_031_14042025,422,12865,13223,0.24268046260525825,0.22840277713468699
BG_031,BG_031_14042025,454,12865,13223,0.276884733926827,0.21151225631796494
BG_031,BG_031_14042025,473,12865,13223,0.05927454937938409,0.2554157327298197
BG_031,BG_031_14042025,474,12865,13223,0.11330496623468578,0.20490694651656632
BG_031,BG_031_14042025,482,12865,13223,0.08548488899955176,0.25068108844204345
BG_031,BG_031_14042025,524,12865,13223,0.09637268925277248,0.23274331300077186
BG_031,BG_031_14042025,534,12865,13223,0.16839016083663966,0.2147159410782114
BG_031,BG_031_14042025,537,12865,13223,0.19288767442897803,0.22473875606365096
BG_031,BG_031_14042025,546,12865,13223,0.06648582458658374,0.2615843665715142
BG_031,BG_031_240325,12,18114,18183,0.21614921534473436,0.18596864796211027
BG_031,BG_031_240325,15,18114,18183,0.3365985088711758,0.19703579869695528
BG_031,BG_031_240325,52,18114,18183,0.18094202752538013,0.20148370596601653
BG_031,BG_031_240325,85,18114,18183,0.03857974683347121,0.2677728765184754
BG_031,BG_031_240325,88,18114,18183,0.2338681423956196,0.19277990514036114
BG_031,BG_031_240325,208,18114,18183,0.09690948000940126,0.2510945705868929
BG_031,BG_031_240325,271,18114,18183,0.2512478602359893,0.20088077235167986
BG_031,BG_031_240325,350,18114,18183,0.2203794562538159,0.23855850347557395
BG_031,BG_031_240325,391,18114,18183,0.05401999231536059,0.22112727157865947
BG_031,BG_031_240325,393,18114,18183,0.08757136999112441,0.1819319401685692
BG_031,BG_031_240325,433,18114,18183,0.06463327844169375,0.21122640679528928
BG_031,BG_031_240325,437,18114,18183,0.055321342348125246,0.23954331745795576
BG_031,BG_031_240325,448,18114,18183,0.08342437820581,0.21228175239468208
BG_031,BG_031_270325,1,9882,10279,0.09739699689508963,0.2255022112228788
BG_031,BG_031_270325,20,9882,10279,0.06838686403653889,0.22113954529418767
BG_031,BG_031_270325,24,9882,10279,0.3389132495309806,0.17118086451044073
BG_031,BG_031_270325,27,9882,10279,0.056826919021099265,0.267441540117719
BG_031,BG_031_270325,31,9882,10279,0.08240647646562099,0.20830457068692235
BG_031,BG_031_270325,64,9882,10279,0.11393153106096454,0.24172711833026342
BG_031,BG_031_270325,107,9882,10279,0.14385016324818367,0.2760230330662578
BG_031,BG_031_270325,135,9882,10279,0.06948700816134966,0.2146744314854432
BG_031,BG_031_270325,239,9882,10279,0.11921658511847483,0.21372005812489422
BG_031,BG_031_270325,293,9882,10279,0.15219718232700016,0.21888193340104642
BG_031,BG_031_270325,319,9882,10279,0.194255458876892,0.2291038729133362
BG_031,BG_031_270325,370,9882,10279,0.09815846016816271,0.23437268650646387
BG_031,BG_031_270325,427,9882,10279,0.0826772565054062,0.19263615759952338
BG_031,BG_031_270325,442,9882,10279,0.21185467066957958,0.1849770053082911
BG_031,BG_031_270325,510,9882,10279,0.13383840204912512,0.2343522534878235
BG_031,BG_031_200325,9,18636,18829,0.060760750584221285,0.2907184671983768
BG_031,BG_031_200325,38,18636,18829,0.08717450488739467,0.24569636099631692
BG_031,BG_031_200325,43,18636,18829,0.16325126690100314,0.22865624624908176
BG_031,BG_031_200325,77,18636,18829,0.11596747779039868,0.22690359835939397
BG_031,BG_031_200325,105,18636,18829,0.2034480713325449,0.1849762024138857
BG_031,BG_031_200325,117,18636,18829,0.07501790989412928,0.25701587702616896
BG_031,BG_031_200325,165,18636,18829,0.20039489885141717,0.19830283668868215
BG_031,BG_031_200325,307,18636,18829,0.06923814851250454,0.21862462942617433
BG_031,BG_031_200325,392,18636,18829,0.1092581207531324,0.21480216646116848
BG_031,BG_031_200325,395,18636,18829,0.11124370676084833,0.1829930865982048
BG_031,BG_031_200325,417,18636,18829,0.06299927897321245,0.2633577103192008
BG_031,BG_031_200325,434,18636,18829,0.20391019338624358,0.22515872662539757
BG_031,BG_031_200325,457,18636,18829,0.2078229334634631,0.25122136675793016
BG_031,BG_031_200325,476,18636,18829,0.06502283332583081,0.2471793182557028
BG_031,BG_031_200325,500,18636,18829,0.16876044425740439,0.22366819461176443
BG_031,BG_031_200325,532,18636,18829,0.02717669888725527,0.24488288185552848
BG_031,BG_031_210325,8,18697,18965,0.17059422448201428,0.20793634179241832
BG_031,BG_031_210325,42,18697,18965,0.059532499483865464,0.2546650123337446
BG_031,BG_031_210325,46,18697,18965,0.07998662222157193,0.27125894465679523
BG_031,BG_031_210325,55,18697,18965,0.06610145080297081,0.2610456250500325
BG_031,BG_031_210325,60,18697,18965,0.07694674771890553,0.25653728377408974
BG_031,BG_031_210325,69,18697,18965,0.1431182006653584,0.18540345522593832
BG_031,BG_031_210325,258,18697,18965,0.11076808886888509,0.18032351522196158
BG_031,BG_031_210325,276,18697,18965,0.13275592004019976,0.3013926716490353
BG_031,BG_031_210325,301,18697,18965,0.10787750513531433,0.21013684848121378
BG_031,BG_031_210325,353,18697,18965,0.11747836965349769,0.2275113823560355
BG_031,BG_031_210325,396,18697,18965,0.11567344736210321,0.2026306216919646
BG_031,BG_031_210325,401,18697,18965,0.10443095425851773,0.2299565071543004
BG_031,BG_031_210325,411,18697,18965,0.06675349072443448,0.20938589503614796
BG_031,BG_031_210325,439,18697,18965,0.15597840498196291,0.2155194119036792
BG_031,BG_031_210325,445,18697,18965,0.17720446712065357,0.2296436943404521
BG_031,BG_031_210325,467,18697,18965,0.1335219558037139,0.2276725077524725
BG_031,BG_031_210325,520,18697,18965,0.12079439411454079,0.2400945531501271
BG_031,BG_031_210325,524,18697,18965,0.19907541157560107,0.20324044483768522
BG_031,BG_031_260325,7,17909,17986,0.17165605522944233,0.21170847031607612
BG_031,BG_031_260325,22,17909,17986,0.24995558685545144,0.1969719985299854
BG_031,BG_031_260325,30,17909,17986,0.16591159177436407,0.24487931787711192
BG_031,BG_031_260325,53,17909,17986,0.4503659137504791,0.20917477584222677
BG_031,BG_031_260325,55,17909,17986,0.07465134579964383,0.208944023675527
BG_031,BG_031_260325,61,17909,17986,0.4475386733070036,0.20414601970189641
BG_031,BG_031_260325,89,17909,17986,0.24990599013730222,0.21776975497807533
BG_031,BG_031_260325,105,17909,17986,0.0673743649276558,0.1890975372557942
BG_031,BG_031_260325,138,17909,17986,0.07757745843419983,0.20109868359458474
BG_031,BG_031_260325,175,17909,17986,0.0718065739146235,0.2545241204897819
BG_031,BG_031_260325,240,17909,17986,0.268713456525391,0.273068077381653
BG_031,BG_031_260325,311,17909,17986,0.13133736747126729,0.2184419632090278
BG_031,BG_031_260325,354,17909,17986,0.07622256718662733,0.24206855770450206
BG_031,BG_031_260325,394,17909,17986,0.14741971759137562,0.27396572455623536
BG_031,BG_031_260325,424,17909,17986,0.07636586168184878,0.25048985243298794
BG_031,BG_031_260325,426,17909,17986,0.05959699374327698,0.2288852810814038
BG_031,BG_031_260325,471,17909,17986,0.07835676868884728,0.24641798296033582
BG_031,BG_031_260325,480,17909,17986,0.08509709428273665,0.2378608782983885
BG_031,BG_031_260325,535,17909,17986,0.07664865671542326,0.22242488010249228
