name,defined_in,reexported_by_config,n_importers,n_retype_sites,retypes_agree,bucket
ALL_GO_CHANGE_SIZES,constants.py,True,1,0,True,canonical
BIG_CHANGE_SIZES,constants.py,True,4,0,True,canonical
CORNEAL_CAL_ANGLE_MAX_DEG,constants.py,False,1,0,True,canonical
CORNEAL_CAL_ANGLE_MIN_DEG,constants.py,False,1,0,True,canonical
CORNEAL_CAL_MASK_MAX_AREA_PX,constants.py,False,1,0,True,canonical
CORNEAL_CAL_MASK_MIN_AREA_PX,constants.py,False,1,0,True,canonical
CORNEAL_CAL_MASK_THRESHOLD_PCT,constants.py,False,1,0,True,canonical
CORNEAL_CAL_MAX_DIST_PX,constants.py,False,1,0,True,canonical
CORNEAL_CAL_N_TRANSITIONS,constants.py,False,1,0,True,canonical
CORNEAL_CAL_POST_FRAMES,constants.py,False,1,0,True,canonical
CORNEAL_CAL_PRE_FRAMES,constants.py,False,1,0,True,canonical
CORNEAL_CAL_PUPIL_EXCLUSION_FACTOR,constants.py,False,1,0,True,canonical
CORNEAL_CAL_PUPIL_MAX_AREA_PX,constants.py,False,1,0,True,canonical
CORNEAL_CAL_PUPIL_MIN_AREA_PX,constants.py,False,1,0,True,canonical
CORNEAL_CAL_PUPIL_MIN_CIRCULARITY,constants.py,False,1,0,True,canonical
CORNEAL_CAL_SEARCH_MARGIN_PX,constants.py,False,1,0,True,canonical
DEFAULT_BIN_SIZE,constants.py,True,16,0,True,canonical
DEFAULT_MIN_FR,constants.py,True,1,0,True,canonical
DEFAULT_SIGMA_MS,constants.py,True,18,0,True,canonical
DEFAULT_Z_THRESH_TF,constants.py,True,3,0,True,canonical
EVENT_RESPONSIVENESS_WINDOWS,constants.py,True,15,0,True,canonical
EVENT_VALID_OUTCOMES,constants.py,True,5,0,True,canonical
FA_RT_SPLIT,constants.py,True,10,0,True,canonical
LICK_HARDWARE_DELAY_MS,constants.py,False,4,0,True,canonical
LOHSE_EVIDENCE_THRESH,constants.py,False,0,0,True,canonical
LOHSE_PULSE_SIGMA_MS,constants.py,False,0,0,True,canonical
LOHSE_SENSORY_CD_WINDOW,constants.py,False,2,0,True,canonical
LOHSE_TRIAL_NORM_BASELINE,constants.py,False,0,0,True,canonical
LOHSE_TRIAL_SIGMA_MS,constants.py,False,0,0,True,canonical
MOTION_ENERGY_DOWNSAMPLE,constants.py,False,0,0,True,canonical
MOTION_ENERGY_MOUTH_ROI,constants.py,False,0,0,True,canonical
PUPIL_BLINK_MAX_GAP_MS,constants.py,False,0,0,True,canonical
PUPIL_BLUR_KERNEL,constants.py,False,0,0,True,canonical
PUPIL_EYE_ROI,constants.py,False,0,0,True,canonical
PUPIL_MAX_AREA,constants.py,False,0,0,True,canonical
PUPIL_MIN_AREA,constants.py,False,0,0,True,canonical
PUPIL_MIN_ROUNDNESS,constants.py,False,0,0,True,canonical
PUPIL_THRESH_BLOCK_SIZE,constants.py,False,0,0,True,canonical
SMALL_CHANGE_SIZES,constants.py,True,3,0,True,canonical
STATE_CONFIDENCE_THRESHOLD,constants.py,False,3,0,True,canonical
STATE_EASY_CHANGE_THRESH,constants.py,False,1,0,True,canonical
STATE_FEATURE_COLS,constants.py,False,4,0,True,canonical
STATE_LABELS,constants.py,False,5,0,True,canonical
STATE_LABEL_W_DEFAULT,constants.py,False,0,0,True,canonical
STATE_LABEL_W_GRID,constants.py,False,1,0,True,canonical
TF_DETREND_BASELINE,constants.py,False,0,0,True,canonical
TF_DETREND_POST_WINDOW,constants.py,False,0,0,True,canonical
TF_FAST_THRESH_LOG2,constants.py,True,3,0,True,canonical
TF_PULSE_POST_WINDOW,constants.py,True,4,0,True,canonical
TF_PULSE_PRE_WINDOW,constants.py,True,4,0,True,canonical
TF_PULSE_TRACE_PRE,constants.py,False,5,0,True,canonical
TF_PULSE_WINDOW,constants.py,True,2,0,True,canonical
TF_SAMPLE_PERIOD,constants.py,True,2,0,True,canonical
TF_SLOW_THRESH_LOG2,constants.py,True,3,0,True,canonical
VIDEO_SYNC_CLUSTER_MS,constants.py,True,1,0,True,canonical
VIDEO_SYNC_COARSE_SEARCH_S,constants.py,True,2,0,True,canonical
VIDEO_SYNC_COARSE_STEP_S,constants.py,True,2,0,True,canonical
VIDEO_SYNC_DEFAULT_EYE_ROI,constants.py,True,3,0,True,canonical
VIDEO_SYNC_DERIV_MAX_THRESH,constants.py,True,2,0,True,canonical
VIDEO_SYNC_DERIV_MIN_THRESH,constants.py,True,2,0,True,canonical
VIDEO_SYNC_DERIV_PRE_FRAMES,constants.py,True,2,0,True,canonical
VIDEO_SYNC_DERIV_SEARCH_FRAMES,constants.py,True,2,0,True,canonical
VIDEO_SYNC_DERIV_SIGMA_MULT,constants.py,True,2,0,True,canonical
VIDEO_SYNC_DETECT_THRESH,constants.py,True,1,0,True,canonical
VIDEO_SYNC_DETECT_THRESH_LOW,constants.py,True,1,0,True,canonical
VIDEO_SYNC_MANUAL_GOOD_CV_MS,constants.py,False,1,0,True,canonical
VIDEO_SYNC_MANUAL_MIN_ANCHORS,constants.py,False,1,0,True,canonical
VIDEO_SYNC_MANUAL_REVIEW_CV_MS,constants.py,False,1,0,True,canonical
VIDEO_SYNC_MASK_MIN_COMPONENT,constants.py,True,2,0,True,canonical
VIDEO_SYNC_MASK_MORPH_OPEN,constants.py,True,2,0,True,canonical
VIDEO_SYNC_MASK_N_TRANSITIONS,constants.py,True,2,0,True,canonical
VIDEO_SYNC_MASK_POST_FRAMES,constants.py,True,2,0,True,canonical
VIDEO_SYNC_MASK_PRE_FRAMES,constants.py,True,2,0,True,canonical
VIDEO_SYNC_MASK_X_MIN,constants.py,False,1,0,True,canonical
VIDEO_SYNC_MATCH_REJECT_S,constants.py,True,1,0,True,canonical
VIDEO_SYNC_MAX_DRIFT_PPM,constants.py,True,2,0,True,canonical
VIDEO_SYNC_MAX_RESIDUAL_MS,constants.py,True,2,0,True,canonical
VIDEO_SYNC_MIN_COVERAGE,constants.py,True,2,0,True,canonical
VIDEO_SYNC_OUTLIER_N_ITER,constants.py,True,2,0,True,canonical
VIDEO_SYNC_OUTLIER_SIGMA,constants.py,True,2,0,True,canonical
VIDEO_SYNC_RANSAC_THRESH_S,constants.py,True,1,0,True,canonical
VIDEO_SYNC_SMOOTH_FRAMES,constants.py,True,1,0,True,canonical
ANIMALS,scripts\talk_substrate\ws_learning.py:42;scripts\talk_substrate\ws_learning_hitmiss.py:29;scripts\talk_substrate\ws_xanimal_striatum.py:38;scripts\talk_substrate\ws_xanimal_striatum_tf.py:30,False,0,4,False,divergent-parameter
AUC_READY,scripts\talk_substrate\ws2_celltype_validity.py:46;scripts\talk_substrate\ws_fixB_validity.py:30,False,0,2,True,genuinely-local
BASE,scripts\talk_substrate\ws_fix_inventory.py:29;scripts\tf_responsiveness\review_pulse_responsiveness.py:54;tests\analysis\test_tf_glm_data_khilkevich.py:8,False,0,3,False,divergent-parameter
BASELINE,scripts\pipelines\tracking\validate_waveforms.py:33;scripts\talk_substrate\ws1_changesize_validation.py:57;scripts\talk_substrate\ws_learning_crossed_build.py:39,False,0,3,False,divergent-parameter
BASELINE_WIN,scripts\state_labeling\gain_illustration.py:42;scripts\state_labeling\paired_difference_illustration.py:38;scripts\state_labeling\population_state_sensory.py:60;scripts\state_labeling\population_state_sensory_mixedeffects.py:49;scripts\state_labeling\population_state_sensory_xsession.py:58;scripts\tf_responsiveness\state_conditioned\population_geometry.py:48,False,0,6,False,divergent-parameter
BASE_WIN,scripts\chronic_feasibility\chronic_feasibility_figure.py:80;scripts\tf_responsiveness\preparatory_fig5\prep_common.py:23;scripts\tf_responsiveness\state_conditioned\transition_dynamics.py:49,False,0,3,False,divergent-parameter
BG_COLOR,scripts\anatomy\plot_tf_cells_on_atlas.py:54;scripts\tf_labeling\run_labeling_gui.py:72,False,0,2,False,divergent-parameter
BIN,scripts\neural_latents\_synthetic_recovery.py:58;scripts\state_labeling\exemplar_sensory_decomposition.py:45;scripts\state_labeling\exemplar_state_conditioned_units.py:57;scripts\state_labeling\explore_extract.py:38;scripts\state_labeling\explore_state_neural.py:40;scripts\state_labeling\gain_illustration.py:39,False,0,17,False,divergent-parameter
BROAD,scripts\talk_substrate\_common.py:74;scripts\tf_responsiveness\state_conditioned\transient_vs_sustained.py:44,False,0,2,False,divergent-parameter
C2_THRESH,scripts\tf_responsiveness\run_tf_glm_diagnostic.py:82;scripts\tf_responsiveness\run_tf_glm_fullmodel_CP.py:57;scripts\tf_responsiveness\run_tf_glm_fullmodel_visp.py:71,False,0,3,True,genuinely-local
CACHE,scripts\analysis\decision_latents\run_decision_latents_by_state.py:21;scripts\chronic_feasibility\chronic_feasibility_figure.py:77;scripts\optotagging\render_opto_exemplar_figure.py:57;scripts\state_tf_learning\b9_summary_figure.py:31;scripts\talk_substrate\_events_plot.py:29;scripts\talk_substrate\build_event_cache.py:59,False,0,26,False,divergent-parameter
CACHE_DIR,scripts\analysis\behavior\early_lick_learning_trajectory.py:63;scripts\analysis\behavior\fa_lick_hazard_learning.py:55;scripts\analysis\decision_latents\_comprehension_flag_explore.py:57;scripts\analysis\decision_latents\_diag_f1b_vs_f1d.py:20;scripts\analysis\decision_latents\_expert_anchor_inventory.py:48;scripts\analysis\decision_latents\_label_reliability.py:53,False,0,20,False,path-alias
CAND_DIR,scripts\optotagging\render_opto_candidates.py:57;scripts\tracking_consensus\render_consensus_figures.py:61,False,0,2,True,path-alias
CHANGE,scripts\talk_substrate\fig_c2_changesize.py:19;scripts\talk_substrate\fig_c_outcome.py:22;scripts\talk_substrate\fig_d_state.py:24,False,0,3,False,divergent-parameter
CHANGE_SIZES,scripts\analysis\decision_latents\run_decision_latents_by_state.py:64;src\visdetect\analysis\config.py:264;src\visdetect\analysis\tf_glm.py:210,False,0,3,False,divergent-parameter
CHANGE_SIZE_LABELS,scripts\analysis\decision_latents\run_decision_latents_by_state.py:65;src\visdetect\analysis\config.py:265,False,0,2,False,divergent-parameter
COLUMNS,scripts\talk_substrate\fig_c2_changesize.py:22;scripts\talk_substrate\fig_c3_fa_timing.py:24;scripts\talk_substrate\fig_c_outcome.py:25;scripts\talk_substrate\fig_d_state.py:27,False,0,4,False,divergent-parameter
CONF,scripts\evidence_learning\b10_phase2_state.py:33;scripts\evidence_learning\b10_tf_tracking.py:52;scripts\evidence_learning\b10_tf_tracking_paired.py:38,False,0,3,True,genuinely-local
CORNEAL_EYE_ROI,scripts\video\corneal_spatial_diagnostic.py:48;scripts\video\poc_multianchor_sync.py:63,False,0,2,False,divergent-parameter
CORRUPT,scripts\qc\repair_session_ids.py:58;tests\test_session_id_csv_integrity.py:45,False,0,2,True,genuinely-local
CUR,scripts\chronic_feasibility\chronic_feasibility_figure.py:73;scripts\tracking_dant\composite_retier.py:39;scripts\tracking_dant\inclusive_trusted.py:45;scripts\tracking_dant\validate_composite.py:36,False,0,4,False,divergent-parameter
D,scripts\popgeom_theta\theta_count_matched.py:23;scripts\popgeom_theta\theta_prototype.py:26;scripts\popgeom_theta\theta_support_matched.py:22;scripts\state_dynamics\within_session_dynamics.py:24,False,0,4,True,genuinely-local
DANT_REG,scripts\chronic_feasibility\chronic_feasibility_figure.py:75;scripts\tracking_consensus\build_consensus_cohort.py:41;scripts\tracking_consensus\render_consensus_figures.py:59;scripts\tracking_dant\prototype_rescorer.py:41,False,0,4,False,divergent-parameter
DEFAULT_COARSE_OFFSET_S,scripts\video\click_anchor.py:70;scripts\video\tag_session.py:120,False,0,2,True,genuinely-local
DEFAULT_INPUT,scripts\pipelines\tracking\diagnose_intersession_drift.py:46;scripts\pipelines\tracking\run_deepunitmatch_all.py:173;scripts\pipelines\tracking\run_unitmatch_all.py:48;scripts\pipelines\tracking\validate_waveforms.py:30,False,0,4,True,genuinely-local
DEFAULT_MANIFEST,scripts\pipelines\concat_sort\check_ks4_completion_status.py:23;scripts\pipelines\concat_sort\qc_ks4_runs.py:32;src\visdetect\analysis\state_tf_learning.py:27,False,0,3,False,divergent-parameter
DEFAULT_OUT,scripts\pipelines\tracking\run_deepunitmatch_all.py:174;scripts\pipelines\tracking\run_unitmatch_all.py:49;scripts\tracking_dant\build_dant_inputs.py:34,False,0,3,False,path-alias
DEFAULT_PKL_DIR,scripts\pipelines\tracking\build_qc_sheets.py:76;scripts\pipelines\tracking\validate_long_tracks.py:40;scripts\tracking_dant\build_dant_inputs.py:33,False,0,3,False,path-alias
DEFAULT_REGISTRY,scripts\pipelines\tracking\build_qc_sheets.py:68;scripts\pipelines\tracking\validate_long_tracks.py:38;src\visdetect\analysis\state_tf_learning.py:25,False,0,3,False,divergent-parameter
DEFAULT_SESSIONS,scripts\video\characterize_camera_signal.py:62;scripts\video\compare_mask_sync.py:58,False,0,2,True,genuinely-local
DEPTH_BIN_UM,scripts\pipelines\tracking\diagnose_intersession_drift.py:49;src\visdetect\analysis\population_field.py:15,False,0,2,False,divergent-parameter
DISENGAGED,scripts\tf_responsiveness\state_conditioned\state_split_pulse_peth.py:48;src\visdetect\analysis\state_provider.py:16,False,0,2,False,divergent-parameter
DISENG_MAX,scripts\tf_responsiveness\preparatory_fig5\prep_common.py:28;scripts\tf_responsiveness\state_conditioned\representative_cells.py:50,False,0,2,True,genuinely-local
DT,scripts\analysis\behavior\fa_lick_hazard_learning.py:57;scripts\analysis\decision_latents\_evidence_builder_check.py:36;src\visdetect\analysis\ddm.py:37;src\visdetect\analysis\psychophysical_kernel.py:25,False,0,4,False,divergent-parameter
EARLY_WIN,scripts\state_labeling\gain_illustration.py:43;scripts\state_labeling\paired_difference_illustration.py:39;scripts\state_labeling\population_state_sensory_mixedeffects.py:50;scripts\talk_substrate\ws1_changesize_validation.py:59,False,0,4,False,divergent-parameter
ENGAGED,scripts\tf_responsiveness\state_conditioned\cluster\tf_glm_state_task.py:46;scripts\tf_responsiveness\state_conditioned\population_geometry.py:44;scripts\tf_responsiveness\state_conditioned\state_split_pulse_peth.py:47,False,0,3,True,genuinely-local
EVENTS,scripts\talk_substrate\build_event_cache.py:80;scripts\talk_substrate\fig_b_event_psths.py:59;scripts\talk_substrate\fig_b_sign_split.py:26;scripts\tracking_dant\exemplar_tracking_figure.py:112,False,0,4,False,divergent-parameter
EXP_COLOR,scripts\optotagging\b_candidate_gallery.py:59;scripts\optotagging\render_opto_candidates.py:75,False,0,2,True,genuinely-local
EYE_REGION_CROP_BG046,scripts\video\click_anchor.py:50;scripts\video\tag_trials.py:60,False,0,2,False,divergent-parameter
FA_COLOR,scripts\video\batch_sync_sessions.py:63;scripts\video\sync_validation_figure.py:59,False,0,2,True,genuinely-local
FEATURE_NAMES,scripts\video\characterize_camera_signal.py:92;src\visdetect\analysis\hmm.py:58,False,0,2,False,divergent-parameter
FIBER_COLORS,scripts\optotagging\a_optotagging_identification.py:76;scripts\optotagging\b_candidate_gallery.py:56,False,0,2,True,genuinely-local
FIG,scripts\tf_responsiveness\plot_bg046_pulses.py:34;scripts\tf_responsiveness\run_tf_glm_diagnostic.py:71;scripts\tf_responsiveness\state_conditioned\fa_lick_activity.py:40,False,0,3,False,divergent-parameter
FIGROOT,scripts\tf_responsiveness\preparatory_fig5\fig5e_fraction_active.py:34;scripts\tf_responsiveness\preparatory_fig5\fig5fg_onset_heatmaps.py:40;scripts\tf_responsiveness\preparatory_fig5\fig5h_onset_vs_width.py:44;scripts\tf_responsiveness\preparatory_fig5\fig_hit_vs_fa.py:32;scripts\tf_responsiveness\preparatory_fig5\nulls_and_hardening.py:52,False,0,5,False,path-alias
FIGS_DIR,scripts\video\click_anchor.py:77;scripts\video\fit_sync.py:53,False,0,2,False,path-alias
FIG_DIR,scripts\analysis\decision_latents\_comprehension_flag_explore.py:56;scripts\analysis\decision_latents\_evidence_builder_check.py:32;scripts\analysis\decision_latents\_expert_anchor_inventory.py:47;scripts\analysis\decision_latents\_label_reliability.py:52;scripts\analysis\decision_latents\_tf_sampling_check.py:26;scripts\analysis\decision_latents\behavioral_qc_profile.py:38,False,0,17,False,path-alias
FINAL_OUTPUT,scripts\pipelines\concat_sort\build_concat_pkls.py:60;scripts\pipelines\concat_sort\prep_concat_waveforms.py:33;scripts\pipelines\concat_sort\qc_stitch_output.py:23,False,0,3,False,path-alias
FLAGGED,scripts\tf_responsiveness\cluster\diag_full_design.py:24;scripts\tf_responsiveness\cluster\diag_full_standardize.py:21;scripts\tf_responsiveness\cluster\diag_lin_vs_log2.py:20;scripts\tf_responsiveness\cluster\diag_tf_baseonly_tagB.py:21,False,0,4,False,divergent-parameter
FRAME_CROP,scripts\video\batch_sync_sessions.py:61;scripts\video\sync_validation_figure.py:53,False,0,2,True,genuinely-local
FRAME_STEP_MS,scripts\video\batch_sync_sessions.py:56;scripts\video\sync_validation_figure.py:45,False,0,2,True,genuinely-local
FRAME_WINDOW_MS,scripts\video\batch_sync_sessions.py:55;scripts\video\sync_validation_figure.py:44,False,0,2,True,genuinely-local
FREE_COLOR,scripts\optotagging\b_candidate_gallery.py:60;scripts\optotagging\render_opto_candidates.py:74,False,0,2,True,genuinely-local
FS_HZ,scripts\chronic_feasibility\chronic_feasibility_figure.py:78;scripts\tracking_dant\exemplar_tracking_figure.py:94,False,0,2,True,genuinely-local
GO_SET,scripts\state_labeling\explore4_partial_rt.py:39;scripts\state_labeling\explore_extract.py:39;scripts\state_labeling\gain_illustration.py:46;scripts\state_labeling\paired_difference_illustration.py:40;scripts\state_labeling\population_state_sensory_mixedeffects.py:52;scripts\state_labeling\population_state_sensory_xsession.py:60,False,0,6,True,genuinely-local
GROUPS,scripts\session_sorting\run_session_sorter.py:59;scripts\talk_substrate\ws_xanimal_celltype.py:36;scripts\talk_substrate\ws_xanimal_cortex.py:38;scripts\tf_responsiveness\preparatory_fig5\fig5e_fraction_active.py:36;scripts\tf_responsiveness\preparatory_fig5\permutation_significance_control.py:49,False,0,5,False,divergent-parameter
HEADLINE,scripts\evidence_learning\b10_phase1_behavioral.py:30;scripts\evidence_learning\b10_phase1_neural.py:31,False,0,2,True,genuinely-local
HERE,scripts\pipelines\tracking\tests\test_ae_smoke.py:2;scripts\pipelines\tracking\tests\test_deepum_smoke.py:2;scripts\pipelines\tracking\tests\test_freeze_policy.py:2,False,0,3,True,genuinely-local
HIT_COLOR,scripts\video\batch_sync_sessions.py:62;scripts\video\sync_validation_figure.py:58,False,0,2,True,genuinely-local
INPUT_ROOT,scripts\analysis\run_deep_unitmatch.py:65;scripts\pipelines\concat_sort\run_concat_unitmatch.py:40,False,0,2,False,path-alias
JSON_TYPES,scripts\data_management\organize_bg012_behavior.py:40;scripts\data_management\organize_subject_data.py:38,False,0,2,True,genuinely-local
K,scripts\analysis\behavior\fa_lick_hazard_learning.py:62;scripts\neural_latents\_synthetic_recovery.py:52,False,0,2,False,divergent-parameter
KEYS,scripts\tf_responsiveness\state_conditioned\heatmap_continuum.py:79;scripts\tf_responsiveness\state_conditioned\heatmap_transient_sustained_rowsmooth.py:57,False,0,2,True,genuinely-local
LABELS_PATH,scripts\session_sorting\fit_session_group_rule.py:50;scripts\session_sorting\run_session_sorter.py:76;src\visdetect\analysis\tf_labeling.py:29,False,0,3,False,path-alias
LABEL_COLUMNS,scripts\session_sorting\run_session_sorter.py:77;src\visdetect\analysis\tf_labeling.py:57,False,0,2,False,divergent-parameter
LATENTS,scripts\talk_substrate\build_event_cache.py:93;scripts\talk_substrate\ws_learning_crossed_build.py:43,False,0,2,False,divergent-parameter
LATE_WIN,scripts\state_labeling\gain_illustration.py:44;scripts\state_labeling\population_state_sensory_mixedeffects.py:51,False,0,2,True,genuinely-local
LAT_WIN,scripts\talk_substrate\ws3_updown_timing.py:47;scripts\talk_substrate\ws_fixC_pushpull.py:34,False,0,2,False,divergent-parameter
LICK,scripts\tf_responsiveness\state_conditioned\fa_lick_activity.py:43;scripts\tf_responsiveness\state_conditioned\fa_lick_continuum.py:58,False,0,2,False,divergent-parameter
LICK_WIN,scripts\state_labeling\explore_extract.py:44;scripts\talk_substrate\ws_learning.py:45;scripts\tf_responsiveness\preparatory_fig5\prep_common.py:22,False,0,3,False,divergent-parameter
LOCAL_VIDEO_DIR,scripts\video\characterize_camera_signal.py:76;scripts\video\compare_mask_sync.py:65;scripts\video\corneal_spatial_diagnostic.py:95;scripts\video\poc_multianchor_sync.py:69,False,0,4,True,path-alias
MEMBERS,scripts\tf_responsiveness\state_conditioned\hardening_continuum.py:70;scripts\tf_responsiveness\state_conditioned\hardening_pseudoreplication.py:48;scripts\tracking_consensus\compute_isi_validation.py:44,False,0,3,False,divergent-parameter
METRICS,scripts\tf_responsiveness\state_conditioned\core_metrics_continuum.py:50;scripts\tf_responsiveness\state_conditioned\latency_outcome_coupling.py:78;scripts\tf_responsiveness\state_conditioned\recompute_kernel_width.py:61,False,0,3,False,divergent-parameter
METRIC_INFO,scripts\anatomy\plot_tf_cells_on_atlas.py:58;scripts\anatomy\plot_units_on_atlas.py:49,False,0,2,False,divergent-parameter
MICE,scripts\popgeom_theta\theta_count_matched.py:26;scripts\popgeom_theta\theta_prototype.py:29;scripts\popgeom_theta\theta_support_matched.py:24;scripts\tf_responsiveness\preparatory_fig5\prep_common.py:14;scripts\tf_responsiveness\state_conditioned\continuum_common.py:19;scripts\tf_responsiveness\state_conditioned\diseng_sensitivity.py:55,False,0,10,False,divergent-parameter
MIDLINE_ML_UM,scripts\anatomy\preflight_tracks.py:34;src\visdetect\anatomy\stereotaxic.py:19,False,0,2,True,genuinely-local
MIN_CELLS_SESSION,scripts\tf_responsiveness\state_conditioned\hardening_continuum.py:72;scripts\tf_responsiveness\state_conditioned\learning_continuum.py:62,False,0,2,True,genuinely-local
MIN_CELL_TRIALS,scripts\analysis\decision_latents\behavioral_qc_profile.py:52;scripts\analysis\decision_latents\explore_psychometric_discrete.py:48,False,0,2,True,genuinely-local
MIN_EV,scripts\tf_responsiveness\state_conditioned\heatmap_transient_sustained.py:49;scripts\tf_responsiveness\state_conditioned\state_x_class.py:57,False,0,2,True,genuinely-local
MIN_RESP,scripts\state_tf_learning\b9_deliverable2.py:31;scripts\state_tf_learning\b9_engagement.py:32,False,0,2,True,genuinely-local
MIN_SPIKES,scripts\tf_responsiveness\cluster\tf_glm_cluster_task.py:58;scripts\tf_responsiveness\cluster_bg\tf_glm_bg_task.py:58;scripts\tf_responsiveness\make_tf_glm_figures.py:51;scripts\tf_responsiveness\run_tf_glm.py:47;scripts\tf_responsiveness\run_tf_glm_bg046.py:45;scripts\tf_responsiveness\run_tf_glm_diagnostic.py:80,False,0,10,True,genuinely-local
MIN_TRIALS,scripts\state_dynamics\within_session_dynamics.py:30;scripts\state_labeling\explore4_partial_rt.py:40;scripts\state_labeling\explore_state_neural.py:42;scripts\tf_responsiveness\state_conditioned\latency_outcome_coupling.py:74,False,0,4,False,divergent-parameter
MIN_TRIALS_STATE,scripts\state_labeling\explore_extract.py:41;scripts\state_labeling\gain_illustration.py:48;scripts\state_labeling\paired_difference_illustration.py:42;scripts\state_labeling\population_state_sensory_mixedeffects.py:54;scripts\state_labeling\population_state_sensory_xsession.py:62,False,0,5,True,genuinely-local
MIN_UNITS,scripts\state_labeling\explore_extract.py:40;scripts\state_labeling\gain_illustration.py:47;scripts\state_labeling\paired_difference_illustration.py:41;scripts\state_labeling\population_state_sensory_mixedeffects.py:53;scripts\state_labeling\population_state_sensory_xsession.py:61,False,0,5,True,genuinely-local
MODULE_NAME,scripts\optotagging\a_optotagging_identification.py:73;scripts\optotagging\b_candidate_gallery.py:55,False,0,2,True,genuinely-local
MONITOR_HZ,scripts\analysis\decision_latents\_evidence_builder_check.py:35;scripts\analysis\decision_latents\_tf_sampling_check.py:29,False,0,2,True,genuinely-local
MOODS,scripts\analysis\decision_latents\_label_reliability.py:61;scripts\analysis\decision_latents\explore_psychometric_discrete.py:41,False,0,2,False,divergent-parameter
NARROW,scripts\talk_substrate\_common.py:73;scripts\tf_responsiveness\state_conditioned\transient_vs_sustained.py:43,False,0,2,False,divergent-parameter
NEW_DIR,scripts\pipelines\concat_sort\_quick_yield.py:6;scripts\pipelines\concat_sort\quick_yield_summary.py:21,False,0,2,False,path-alias
NPZ,scripts\tf_responsiveness\state_conditioned\exemplar_kernels_continuum.py:72;scripts\tf_responsiveness\state_conditioned\fa_lick_activity.py:42;scripts\tf_responsiveness\state_conditioned\fa_lick_continuum.py:57;scripts\tf_responsiveness\state_conditioned\heatmap_continuum.py:76,False,0,4,False,divergent-parameter
N_BOOT,scripts\analysis\behavior\fa_lick_hazard_learning.py:61;scripts\tf_responsiveness\preparatory_fig5\fig5e_fraction_active.py:37;scripts\tf_responsiveness\preparatory_fig5\fig5fg_onset_heatmaps.py:43;scripts\tf_responsiveness\preparatory_fig5\fig_hit_vs_fa.py:35;src\visdetect\analysis\psychophysical_kernel.py:34,False,0,5,False,divergent-parameter
N_BOOT_CI,scripts\tf_responsiveness\preparatory_fig5\fig5h_onset_vs_width.py:48;scripts\tf_responsiveness\preparatory_fig5\nulls_and_hardening.py:59,False,0,2,False,divergent-parameter
N_BOOT_ONSET,scripts\tf_responsiveness\preparatory_fig5\fig5h_onset_vs_width.py:47;scripts\tf_responsiveness\preparatory_fig5\nulls_and_hardening.py:60,False,0,2,False,divergent-parameter
N_DEC,scripts\tf_responsiveness\preparatory_fig5\fig5fg_onset_heatmaps.py:42;scripts\tf_responsiveness\preparatory_fig5\fig5h_onset_vs_width.py:46,False,0,2,True,genuinely-local
N_SESSIONS,scripts\analysis\decision_latents\_evidence_builder_check.py:38;scripts\pipelines\tracking\validate_waveforms.py:34,False,0,2,False,divergent-parameter
N_TRIALS_PER_OUTCOME,scripts\video\batch_sync_sessions.py:54;scripts\video\sync_validation_figure.py:43,False,0,2,True,path-alias
N_WIDTH_BINS,scripts\tf_responsiveness\state_conditioned\fa_lick_continuum.py:62;scripts\tf_responsiveness\state_conditioned\heatmap_continuum.py:84;scripts\tf_responsiveness\state_conditioned\kernel_families_continuum.py:55,False,0,3,True,genuinely-local
OLD_DIR,scripts\pipelines\concat_sort\_quick_yield.py:5;scripts\pipelines\concat_sort\quick_yield_summary.py:20,False,0,2,False,path-alias
OPTO,scripts\tracking_dant\laser_fingerprint_test.py:34;scripts\tracking_dant\laser_psth_fingerprint.py:37,False,0,2,True,genuinely-local
OUT,scripts\analysis\decision_latents\_concept_slide.py:29;scripts\analysis\decision_latents\_recovery_summary_fig.py:49;scripts\popgeom_theta\theta_count_matched.py:24;scripts\popgeom_theta\theta_prototype.py:27;scripts\popgeom_theta\theta_support_matched.py:23;scripts\state_dynamics\within_session_dynamics.py:25,False,0,48,False,path-alias
OUTCOMES,scripts\tf_responsiveness\state_conditioned\continuum_common.py:21;scripts\tf_responsiveness\state_conditioned\diseng_sensitivity.py:60;scripts\tf_responsiveness\state_conditioned\learning_transient_sustained.py:38;scripts\tf_responsiveness\state_conditioned\null_controls_continuum.py:35;scripts\tf_responsiveness\state_conditioned\robustness_width_coupling.py:28;scripts\tf_responsiveness\state_conditioned\spectrum_vs_classes.py:38,False,0,8,False,path-alias
OUTCOME_COLORS,scripts\state_labeling\population_state_sensory.py:64;scripts\video\sync_validation_figure.py:60;src\visdetect\analysis\config.py:220,False,0,3,False,path-alias
OUTDIR,scripts\QC_CHECKS\diagnostic_waveform_checks.py:25;scripts\chronic_feasibility\chronic_feasibility_figure.py:76;scripts\optotagging\render_opto_exemplar_figure.py:56;scripts\tf_responsiveness\preparatory_fig5\nulls_and_hardening.py:53;scripts\tracking_dant\exemplar_tracking_figure.py:92,False,0,5,False,path-alias
OUTPUT_ROOT,scripts\analysis\run_deep_unitmatch.py:66;scripts\pipelines\concat_sort\prep_concat_waveforms.py:34;scripts\pipelines\concat_sort\run_concat_unitmatch.py:41,False,0,3,False,path-alias
OUT_COLS,scripts\tf_responsiveness\cluster\tf_glm_cluster_task.py:60;scripts\tf_responsiveness\cluster_bg\tf_glm_bg_task.py:60;scripts\tf_responsiveness\run_tf_glm_bg046.py:46;scripts\tf_responsiveness\run_tf_glm_fullmodel_CP.py:66;scripts\tf_responsiveness\run_tf_glm_fullmodel_visp.py:76;scripts\tf_responsiveness\state_conditioned\cluster\tf_glm_state_task.py:48,False,0,6,False,path-alias
OUT_CSV,scripts\QC_technical\audit_trial_baselineon_alignment.py:52;scripts\QC_technical\characterize_unsolvable_alignment.py:111;scripts\QC_technical\repair_trial_event_alignment.py:30;scripts\tf_responsiveness\run_tf_glm_fullmodel_visp.py:74;scripts\tf_responsiveness\state_conditioned\recompute_kernel_width.py:60;scripts\tf_responsiveness\state_conditioned\recompute_pulse_fwhm_allpulses.py:62,False,0,7,False,path-alias
OUT_DIR,scripts\QC_technical\audit_trial_baselineon_alignment.py:51;scripts\QC_technical\characterize_unsolvable_alignment.py:110;scripts\QC_technical\repair_trial_event_alignment.py:29;scripts\batch_processing\aggregate_batch_results.py:14;scripts\optotagging\render_opto_candidates.py:56;scripts\pipelines\concat_sort\qc_ks4_runs.py:35,False,0,24,False,path-alias
PETH_BIN,scripts\video\batch_sync_sessions.py:58;scripts\video\sync_validation_figure.py:47,False,0,2,True,genuinely-local
PETH_WINDOW,scripts\video\batch_sync_sessions.py:57;scripts\video\sync_validation_figure.py:46,False,0,2,True,genuinely-local
PKL,scripts\tf_responsiveness\smoke_bg046.py:20;scripts\tracking_dant\composite_retier.py:42;scripts\tracking_dant\corroborator_compare.py:39;scripts\tracking_dant\inclusive_trusted.py:47;scripts\tracking_dant\laser_psth_fingerprint.py:38;scripts\tracking_dant\prototype_rescorer.py:40,False,0,8,False,divergent-parameter
PKL_DIR,scripts\chronic_feasibility\chronic_feasibility_figure.py:71;scripts\tf_responsiveness\run_tf_glm_bg046.py:44;scripts\tf_responsiveness\state_conditioned\population_geometry.py:42;scripts\tf_responsiveness\state_conditioned\state_split_pulse_peth.py:44;scripts\tracking_consensus\compute_behavior_cache.py:45;scripts\tracking_consensus\compute_isi_validation.py:46,False,0,9,False,path-alias
POST,scripts\tf_responsiveness\review_pulse_responsiveness.py:55;scripts\tracking_dant\laser_psth_fingerprint.py:44;scripts\tracking_showcase\render_best_per_mouse.py:51,False,0,3,False,divergent-parameter
POST_WIN,scripts\tf_labeling\precache_rasters.py:54;scripts\tf_responsiveness\state_conditioned\state_split_pulse_peth.py:49,False,0,2,False,divergent-parameter
PRE,scripts\tf_responsiveness\state_conditioned\fa_lick_activity.py:45;scripts\tf_responsiveness\state_conditioned\fa_lick_continuum.py:61;scripts\tf_responsiveness\state_conditioned\transition_dynamics.py:52;scripts\tracking_dant\laser_psth_fingerprint.py:45;scripts\tracking_showcase\render_best_per_mouse.py:50,False,0,5,False,divergent-parameter
PRIMARY,scripts\popgeom_theta\theta_count_matched.py:22;scripts\popgeom_theta\theta_prototype.py:25;scripts\popgeom_theta\theta_support_matched.py:21;scripts\state_dynamics\within_session_dynamics.py:23;scripts\tracking_dant\build_dant_inputs.py:31;scripts\tracking_dant\composite_retier.py:38,False,0,13,False,divergent-parameter
PSTH_BIN_MS,scripts\optotagging\b_candidate_gallery.py:58;scripts\optotagging\render_opto_candidates.py:77;scripts\optotagging\render_opto_exemplar_figure.py:60;scripts\tf_labeling\run_labeling_gui.py:86,False,0,4,False,divergent-parameter
RASTER_WINDOW,scripts\video\batch_sync_sessions.py:59;scripts\video\sync_validation_figure.py:48,False,0,2,True,genuinely-local
RASTER_WIN_S,scripts\optotagging\b_candidate_gallery.py:57;scripts\optotagging\render_opto_candidates.py:78,False,0,2,True,genuinely-local
RAWWF,scripts\chronic_feasibility\chronic_feasibility_figure.py:72;scripts\tracking_dant\composite_retier.py:41;scripts\tracking_dant\corroborator_compare.py:38;scripts\tracking_dant\exemplar_tracking_figure.py:91;scripts\tracking_dant\prototype_rescorer.py:39,False,0,5,False,divergent-parameter
RAW_WF_DIR,scripts\talk_substrate\fig_a_celltype_inventory.py:51;src\visdetect\analysis\config.py:107,False,0,2,False,path-alias
REF,scripts\session_sorting\apply_session_group_rule.py:39;scripts\talk_substrate\ws3_updown_timing.py:48,False,0,2,False,divergent-parameter
REG,scripts\tracking_dant\composite_retier.py:40;scripts\tracking_dant\corroborator_compare.py:33;scripts\tracking_dant\inclusive_trusted.py:46;scripts\tracking_dant\laser_fingerprint_test.py:37;scripts\tracking_dant\laser_psth_fingerprint.py:36;scripts\tracking_dant\validate_composite.py:37,False,0,6,True,genuinely-local
REGION,scripts\talk_substrate\ws_fixB_validity.py:29;scripts\talk_substrate\ws_fixC_pushpull.py:33;scripts\talk_substrate\ws_fix_inventory.py:26;scripts\tf_responsiveness\preparatory_fig5\prep_common.py:15;scripts\tf_responsiveness\run_tf_glm_fullmodel_CP.py:55;scripts\tf_responsiveness\run_tf_glm_fullmodel_visp.py:69,False,0,9,False,divergent-parameter
REGIONS,scripts\tf_responsiveness\preparatory_fig5\fig5e_fraction_active.py:35;scripts\tf_responsiveness\preparatory_fig5\fig5fg_onset_heatmaps.py:41;scripts\tf_responsiveness\preparatory_fig5\fig5h_onset_vs_width.py:45;scripts\tf_responsiveness\preparatory_fig5\fig_hit_vs_fa.py:33;scripts\tf_responsiveness\preparatory_fig5\nulls_and_hardening.py:54,False,0,5,True,genuinely-local
REGION_POOLS,scripts\evidence_learning\b10_phase1_neural.py:32;scripts\evidence_learning\b10_tf_tracking.py:47,False,0,2,True,genuinely-local
REPO,scripts\QC_technical\validate_event_spike_clock_drift.py:36;scripts\audit\_audit_lib.py:11;scripts\batch_processing\aggregate_batch_results.py:12;scripts\chronic_feasibility\chronic_feasibility_figure.py:52;scripts\conversion\convert_mat_to_pkl.py:15;scripts\conversion\generate_synthetic_session.py:7,False,0,11,False,divergent-parameter
REPO_ROOT,scripts\analysis\build_waveform_celltype_labels.py:13;scripts\analysis\run_deep_unitmatch.py:58;scripts\batch_processing\aggregate_modulation_across_sessions.py:20;scripts\optotagging\render_opto_candidates.py:51;scripts\pipelines\concat_sort\build_concat_pkls.py:38;scripts\pipelines\concat_sort\build_concat_windows.py:29,False,0,30,False,path-alias
REQUIRED_TAG_COLS,scripts\session_sorting\fit_session_group_rule.py:153;scripts\session_sorting\run_session_sorter.py:83,False,0,2,False,divergent-parameter
RESP,scripts\talk_substrate\fig_c2_changesize.py:20;scripts\talk_substrate\fig_c_outcome.py:23;scripts\talk_substrate\fig_d_state.py:25;scripts\talk_substrate\ws_fix_inventory.py:28,False,0,4,False,divergent-parameter
RESPONSE_WINDOW_S,src\visdetect\analysis\ddm.py:42;src\visdetect\analysis\decision_latents.py:39,False,0,2,True,genuinely-local
RESP_CACHE,scripts\state_labeling\exemplar_state_conditioned_units.py:66;scripts\state_labeling\explore_extract.py:48;scripts\state_labeling\gain_illustration.py:52;scripts\state_labeling\paired_difference_illustration.py:46;scripts\state_labeling\population_state_sensory.py:69;scripts\state_labeling\population_state_sensory_mixedeffects.py:58,False,0,7,True,genuinely-local
RESP_WIN,scripts\chronic_feasibility\chronic_feasibility_figure.py:81;scripts\talk_substrate\ws_xanimal_cortex.py:37;scripts\talk_substrate\ws_xanimal_striatum.py:39;scripts\talk_substrate\ws_xanimal_striatum_tf.py:31,False,0,4,False,divergent-parameter
RNG,scripts\analysis\decision_latents\explore_psychometric_discrete.py:53;scripts\pipelines\tracking\validate_long_tracks.py:46;scripts\tracking_dant\laser_fingerprint_test.py:39;scripts\tracking_dant\laser_psth_fingerprint.py:40;scripts\tracking_dant\prototype_rescorer.py:45,False,0,5,False,divergent-parameter
ROLL_W,scripts\session_sorting\fit_session_group_rule.py:54;scripts\session_sorting\run_session_sorter.py:71,False,0,2,True,genuinely-local
ROOT,scripts\QC_CHECKS\diagnostic_waveform_checks.py:24;scripts\pipelines\concat_sort\regen_waveform_labels.py:19;scripts\tf_responsiveness\run_tf_glm_diagnostic.py:69;scripts\tf_responsiveness\run_tf_glm_fullmodel_CP.py:51;scripts\tf_responsiveness\run_tf_glm_fullmodel_visp.py:64;scripts\tracking_consensus\build_consensus_cohort.py:35,False,0,15,False,path-alias
ROWS,scripts\state_labeling\explore_state_neural.py:53;scripts\talk_substrate\ws_xanimal_celltype.py:41;scripts\tf_responsiveness\state_conditioned\representative_cells.py:46,False,0,3,False,divergent-parameter
SCRIPT_DIR,scripts\chronic_feasibility\chronic_feasibility_figure.py:51;scripts\pipelines\tracking\render_curation_sheets.py:29;scripts\tracking_dant\composite_retier.py:33;scripts\tracking_dant\corroborator_compare.py:26;scripts\tracking_dant\exemplar_tracking_figure.py:64;scripts\tracking_dant\inclusive_trusted.py:39,False,0,10,True,path-alias
SEED,scripts\QC_technical\characterize_unsolvable_alignment.py:106;scripts\neural_latents\_synthetic_recovery.py:51;scripts\popgeom_theta\theta_count_matched.py:30;scripts\popgeom_theta\theta_support_matched.py:28;scripts\tf_responsiveness\state_conditioned\cluster\tf_glm_state_task.py:47;scripts\tf_responsiveness\state_conditioned\latency_outcome_coupling.py:75,False,0,12,True,genuinely-local
SENSORY_WIN,scripts\state_labeling\exemplar_sensory_decomposition.py:48;scripts\state_labeling\population_state_sensory.py:61;scripts\state_labeling\population_state_sensory_xsession.py:59;scripts\tf_responsiveness\state_conditioned\population_geometry.py:47,False,0,4,False,divergent-parameter
SESS,scripts\tf_responsiveness\cluster\diag_full_design.py:18;scripts\tf_responsiveness\cluster\diag_full_standardize.py:15;scripts\tf_responsiveness\cluster\diag_fullcv.py:14;scripts\tf_responsiveness\cluster\diag_lin_vs_log2.py:15;scripts\tf_responsiveness\cluster\diag_schema.py:10;scripts\tf_responsiveness\cluster\diag_tf_baseonly_tagB.py:15,False,0,10,True,genuinely-local
SESSION,scripts\state_labeling\exemplar_sensory_decomposition.py:41;scripts\state_labeling\exemplar_state_conditioned_units.py:54;scripts\state_labeling\population_state_sensory.py:54,False,0,3,True,genuinely-local
SESSIONS,scripts\tf_responsiveness\run_tf_glm_diagnostic.py:74;scripts\tf_responsiveness\run_tf_glm_fullmodel_visp.py:65,False,0,2,False,divergent-parameter
SESSION_COLS,scripts\qc\repair_session_ids.py:52;tests\test_session_id_csv_integrity.py:43,False,0,2,True,genuinely-local
SESSION_VIDEO_MAP,scripts\video\corneal_spatial_diagnostic.py:96;scripts\video\poc_multianchor_sync.py:73,False,0,2,False,divergent-parameter
SIG,scripts\tf_responsiveness\state_conditioned\heatmap_transient_sustained.py:40;scripts\tf_responsiveness\state_conditioned\representative_cells.py:52,False,0,2,True,genuinely-local
SIGMA,scripts\analysis\decision_latents\run_decision_latents_phase2.py:113;scripts\neural_latents\_synthetic_recovery.py:57,False,0,2,False,divergent-parameter
SIGMA_MS,scripts\state_labeling\exemplar_sensory_decomposition.py:46;scripts\state_labeling\exemplar_state_conditioned_units.py:58;scripts\state_labeling\gain_illustration.py:40;scripts\state_labeling\population_state_sensory.py:58;scripts\state_labeling\population_state_sensory_xsession.py:56,False,0,5,True,genuinely-local
SIZE_GROUPS,scripts\state_labeling\exemplar_sensory_decomposition.py:51;scripts\state_labeling\population_state_sensory.py:62,False,0,2,False,divergent-parameter
SKIP_PARTS,scripts\qc\repair_session_ids.py:55;tests\test_session_id_csv_integrity.py:44,False,0,2,True,genuinely-local
SRC,scripts\optotagging\render_opto_candidates.py:52;tests\video\test_tagger_backend.py:22,False,0,2,False,divergent-parameter
STAGED_SRC,scripts\tf_responsiveness\cluster\verify_lean_import.py:30;scripts\tf_responsiveness\cluster_bg\verify_lean_import_bg.py:25,False,0,2,False,divergent-parameter
STAGES,scripts\analysis\behavior\early_lick_replication.py:48;scripts\state_tf_learning\b9_recruitment.py:27;scripts\talk_substrate\ws_learning.py:40;scripts\talk_substrate\ws_learning_hitmiss.py:28;scripts\talk_substrate\ws_learning_state.py:28;scripts\tf_responsiveness\state_conditioned\learning_continuum.py:59,False,0,8,False,divergent-parameter
STAGE_C,scripts\tf_responsiveness\state_conditioned\learning_continuum.py:60;scripts\tf_responsiveness\state_conditioned\learning_transient_sustained.py:41,False,0,2,True,genuinely-local
STAGE_COL,scripts\state_tf_learning\b9_phase0_profile.py:28;scripts\state_tf_learning\b9_recruitment.py:28,False,0,2,False,divergent-parameter
STAGE_COLORS,scripts\tracking_consensus\render_behavior_figures.py:44;scripts\tracking_consensus\render_consensus_figures.py:63;scripts\tracking_dant\render_dant_behavior_figures.py:42;scripts\tracking_dant\render_dant_candidate_figures.py:46,False,0,4,False,divergent-parameter
STAGE_COLORS_LOCAL,scripts\pipelines\tracking\qc_sheet_figures.py:36;scripts\tracking_showcase\render_best_per_mouse.py:48,False,0,2,False,divergent-parameter
STAGE_ORDER,scripts\state_tf_learning\b9_phase0_profile.py:29;scripts\tracking_consensus\render_behavior_figures.py:45;scripts\tracking_dant\render_dant_behavior_figures.py:43,False,0,3,True,genuinely-local
STAGE_RANK,scripts\tracking_consensus\build_consensus_cohort.py:50;scripts\tracking_dant\render_dant_candidate_figures.py:48,False,0,2,True,genuinely-local
STAGING,scripts\tracking_consensus\build_consensus_cohort.py:42;scripts\tracking_consensus\render_consensus_figures.py:57,False,0,2,True,genuinely-local
STATES,scripts\evidence_learning\b10_phase2_state.py:32;scripts\session_sorting\fit_session_group_rule.py:53;scripts\state_dynamics\within_session_dynamics.py:29;scripts\state_labeling\exemplar_sensory_decomposition.py:43;scripts\state_labeling\exemplar_state_conditioned_units.py:56;scripts\state_labeling\explore4_partial_rt.py:38,False,0,21,False,divergent-parameter
STATE_COLORS,scripts\analysis\behavior\hmm_external_validation.py:50;scripts\tf_responsiveness\state_conditioned\population_geometry.py:46;scripts\tracking_consensus\render_behavior_figures.py:46,False,0,3,False,divergent-parameter
STATE_DIR,scripts\tf_responsiveness\state_conditioned\population_geometry.py:43;scripts\tf_responsiveness\state_conditioned\state_split_pulse_peth.py:45;scripts\tracking_consensus\compute_behavior_cache.py:44,False,0,3,False,path-alias
STATE_TAG_CSV,scripts\state_labeling\exemplar_sensory_decomposition.py:57;scripts\state_labeling\exemplar_state_conditioned_units.py:63;scripts\state_labeling\population_state_sensory.py:68,False,0,3,True,genuinely-local
STATS_CSV,scripts\analysis\decision_latents\run_decision_latents_phase2.py:175;scripts\state_labeling\explore4_partial_rt.py:45;scripts\state_labeling\explore_state_neural.py:49;scripts\state_labeling\population_state_sensory.py:70,False,0,4,False,divergent-parameter
SUBJECT,scripts\chronic_feasibility\chronic_feasibility_figure.py:70;scripts\data_management\organize_bg012_behavior.py:39;scripts\optotagging\render_opto_candidates.py:73;scripts\optotagging\render_opto_exemplar_figure.py:54;scripts\pipelines\concat_sort\build_concat_pkls.py:59;scripts\pipelines\concat_sort\compare_old_vs_concat.py:31,False,0,25,False,divergent-parameter
SUBJECTS,scripts\state_tf_learning\b9_recruitment.py:26;scripts\tf_responsiveness\state_conditioned\combined_figure.py:26;scripts\tf_responsiveness\state_conditioned\transition_dynamics.py:53;src\visdetect\analysis\evidence_learning_io.py:22,False,0,4,False,divergent-parameter
SUBJECTS_ORDER,scripts\analysis\behavior\early_lick_replication.py:47;scripts\analysis\behavior\fa_lick_hazard_learning.py:56,False,0,2,True,genuinely-local
T,src\visdetect\utils\progress.py:7;tests\test_hmm_smoke.py:9,False,0,2,False,divergent-parameter
TAG_DIR,scripts\session_sorting\apply_session_group_rule.py:37;scripts\session_sorting\fit_session_group_rule.py:48;scripts\session_sorting\run_session_sorter.py:74;scripts\state_labeling\explore_extract.py:47;scripts\state_labeling\gain_illustration.py:51;scripts\state_labeling\paired_difference_illustration.py:45,False,0,8,False,path-alias
TFGLM_SITE_PKGS,scripts\tf_responsiveness\cluster\verify_lean_import.py:33;scripts\tf_responsiveness\cluster_bg\verify_lean_import_bg.py:29,False,0,2,True,genuinely-local
TF_TRACES_DIR,src\visdetect\analysis\config.py:119;src\visdetect\analysis\tf_labeling.py:32,False,0,2,False,path-alias
THRESHOLDS,scripts\pipelines\tracking\eval_deepum_checkpoints.py:20;scripts\tf_responsiveness\state_conditioned\diseng_sensitivity.py:59,False,0,2,False,divergent-parameter
TITLES,scripts\tf_responsiveness\state_conditioned\heatmap_continuum.py:80;scripts\tf_responsiveness\state_conditioned\heatmap_transient_sustained.py:46,False,0,2,False,divergent-parameter
TRACK,scripts\pipelines\tracking\tests\test_ae_smoke.py:3;scripts\pipelines\tracking\tests\test_deepum_smoke.py:3;scripts\pipelines\tracking\tests\test_eval_assembly.py:2;scripts\pipelines\tracking\tests\test_runner_ckpt_arg.py:2,False,0,4,False,divergent-parameter
TRACKS,scripts\tracking_dant\laser_fingerprint_test.py:36;scripts\tracking_dant\laser_psth_fingerprint.py:35,False,0,2,True,genuinely-local
TRIAL_CACHE,scripts\analysis\decision_latents\_comprehension_flag_explore.py:58;scripts\analysis\decision_latents\behavioral_qc_profile.py:40;scripts\analysis\decision_latents\explore_psychometric_discrete.py:38;scripts\analysis\decision_latents\run_decision_latents_by_state.py:22,False,0,4,True,genuinely-local
UM_REG,scripts\chronic_feasibility\chronic_feasibility_figure.py:74;scripts\tracking_consensus\build_consensus_cohort.py:40;scripts\tracking_consensus\render_consensus_figures.py:58;scripts\tracking_dant\exemplar_tracking_figure.py:89;scripts\tracking_dant\prototype_rescorer.py:42,False,0,5,False,divergent-parameter
WIDTH,scripts\tf_responsiveness\state_conditioned\continuum_common.py:20;scripts\tf_responsiveness\state_conditioned\null_controls_continuum.py:34;scripts\tf_responsiveness\state_conditioned\spectrum_vs_classes.py:41;scripts\tf_responsiveness\state_conditioned\width_vs_waveform.py:35,False,0,4,True,genuinely-local
WIDTH_CSV,scripts\tf_responsiveness\state_conditioned\diseng_sensitivity.py:56;scripts\tf_responsiveness\state_conditioned\recompute_pulse_fwhm_allpulses.py:61,False,0,2,True,genuinely-local
WIDTH_TICKS,scripts\tf_responsiveness\state_conditioned\width_logscale_distribution.py:52;scripts\tf_responsiveness\state_conditioned\width_logscale_fit_diagnostics.py:46,False,0,2,True,genuinely-local
WIN,scripts\evidence_learning\b10_tf_tracking_paired.py:37;scripts\tf_responsiveness\state_conditioned\transition_dynamics.py:51;scripts\tracking_dant\laser_psth_fingerprint.py:42,False,0,3,False,divergent-parameter
WINDOW,scripts\QC_technical\characterize_unsolvable_alignment.py:94;scripts\state_labeling\exemplar_sensory_decomposition.py:47;scripts\state_labeling\gain_illustration.py:41;scripts\state_labeling\paired_difference_illustration.py:37;scripts\state_labeling\population_state_sensory.py:59;scripts\state_labeling\population_state_sensory_mixedeffects.py:48,False,0,9,False,divergent-parameter
WINDOWS,scripts\talk_substrate\demo_baseline_window.py:41;src\visdetect\analysis\neural_latents.py:85,False,0,2,False,divergent-parameter
WT,scripts\popgeom_theta\theta_count_matched.py:18;scripts\popgeom_theta\theta_prototype.py:21;scripts\popgeom_theta\theta_support_matched.py:17;scripts\state_dynamics\within_session_dynamics.py:19;scripts\tracking_dant\composite_retier.py:37;scripts\tracking_dant\corroborator_compare.py:31,False,0,11,False,divergent-parameter
X,scripts\tf_responsiveness\cluster\diag_full_design.py:67;scripts\tf_responsiveness\cluster\diag_full_standardize.py:35;scripts\tf_responsiveness\cluster\diag_tf_baseonly_tagB.py:44;scripts\tf_responsiveness\cluster\diag_tf_standardize.py:28;tests\test_hmm_smoke.py:25,False,0,5,False,divergent-parameter
XLAB,scripts\tf_responsiveness\state_conditioned\heatmap_continuum.py:82;scripts\tf_responsiveness\state_conditioned\heatmap_transient_sustained.py:47,False,0,2,True,genuinely-local
XLABEL,scripts\tf_responsiveness\state_conditioned\core_metrics_continuum.py:46;scripts\tf_responsiveness\state_conditioned\hardening_continuum.py:71;scripts\tf_responsiveness\state_conditioned\learning_continuum.py:58,False,0,3,True,genuinely-local
_CA,scripts\video\fit_sync.py:47;scripts\video\tag_trials.py:58,False,0,2,False,divergent-parameter
_CACHE,scripts\tf_responsiveness\review_pulse_responsiveness.py:50;scripts\tf_responsiveness\validate_selectivity_phase0.py:45,False,0,2,True,genuinely-local
_CA_SPEC,scripts\video\fit_sync.py:43;scripts\video\tag_trials.py:54,False,0,2,False,divergent-parameter
_CB,scripts\tf_responsiveness\state_conditioned\compute_exemplar_ci.py:41;scripts\tf_responsiveness\state_conditioned\compute_exemplar_pulse_ci.py:56;scripts\tf_responsiveness\state_conditioned\diseng_sensitivity.py:39;scripts\tf_responsiveness\state_conditioned\recompute_pulse_fwhm_allpulses.py:41,False,0,4,True,genuinely-local
_CONFUSION_COL,scripts\analysis\decision_latents\cluster_recovery_harness.py:322;src\visdetect\analysis\decision_latents_generative.py:1876,False,0,2,True,genuinely-local
_CONFUSION_DELTA,scripts\analysis\decision_latents\cluster_recovery_harness.py:323;src\visdetect\analysis\decision_latents_generative.py:1886,False,0,2,True,genuinely-local
_CONFUSION_LABELS,scripts\analysis\decision_latents\cluster_recovery_harness.py:321;src\visdetect\analysis\decision_latents_generative.py:1875,False,0,2,True,genuinely-local
_CONFUSION_SCENARIOS,scripts\analysis\decision_latents\cluster_recovery_harness.py:320;src\visdetect\analysis\decision_latents_generative.py:1870,False,0,2,True,genuinely-local
_DATA,tests\analysis\test_lick_channels.py:282;tests\test_session_id_csv_integrity.py:41,False,0,2,False,divergent-parameter
_FAST_FITPARAMS,tests\analysis\test_ddm.py:94;tests\analysis\test_decision_latents_enginec.py:25,False,0,2,False,divergent-parameter
_FIGS,scripts\tf_responsiveness\batch_responsiveness.py:47;scripts\tf_responsiveness\review_pulse_responsiveness.py:49;scripts\tf_responsiveness\validate_selectivity_phase0.py:46,False,0,3,True,genuinely-local
_FIG_DIR,scripts\optotagging\a_optotagging_identification.py:54;scripts\optotagging\b_candidate_gallery.py:43,False,0,2,True,path-alias
_GATE_DIALS,scripts\analysis\decision_latents\run_decision_latents_phase2.py:622;src\visdetect\analysis\decision_latents_generative.py:2145,False,0,2,True,genuinely-local
_HERE,scripts\tf_responsiveness\cluster\tf_glm_cluster_task.py:43;scripts\tf_responsiveness\cluster_bg\tf_glm_bg_task.py:42;scripts\tf_responsiveness\preparatory_fig5\fig5e_fraction_active.py:27;scripts\tf_responsiveness\preparatory_fig5\fig5fg_onset_heatmaps.py:33;scripts\tf_responsiveness\preparatory_fig5\fig5h_onset_vs_width.py:36;scripts\tf_responsiveness\preparatory_fig5\fig_hit_vs_fa.py:26,False,0,41,False,divergent-parameter
_JOIN_WINDOW,scripts\neural_latents\n1_c1_gate.py:88;scripts\neural_latents\n1_c1b_within_fa.py:208,False,0,2,True,genuinely-local
_L,tests\analysis\test_psychophysical_kernel.py:29;tests\scripts\test_b10_scripts.py:16,False,0,2,False,divergent-parameter
_LADDER_WINNER_TO_DIAL,scripts\analysis\decision_latents\cluster_recovery_harness.py:324;src\visdetect\analysis\decision_latents_generative.py:1861,False,0,2,True,genuinely-local
_LICK_BASELINE,scripts\neural_latents\n1_c1_gate.py:91;scripts\neural_latents\n1_c1b_within_fa.py:210,False,0,2,True,genuinely-local
_LICK_SPAN,scripts\neural_latents\n1_c1_gate.py:90;scripts\neural_latents\n1_c1b_within_fa.py:209,False,0,2,True,genuinely-local
_PATH_MAPS,scripts\pipelines\concat_sort\build_concat_windows.py:32;scripts\pipelines\concat_sort\run_kilosort4.py:42,False,0,2,True,path-alias
_PROJECT_ROOT,scripts\video\batch_sync_sessions.py:35;scripts\video\characterize_camera_signal.py:42;scripts\video\compare_mask_sync.py:35;scripts\video\corneal_spatial_diagnostic.py:29;scripts\video\poc_multianchor_sync.py:34;scripts\video\select_roi.py:46,False,0,7,True,path-alias
_RECOVER_JITTER_SD,scripts\analysis\decision_latents\cluster_recovery_harness.py:242;src\visdetect\analysis\decision_latents_generative.py:408,False,0,2,False,divergent-parameter
_REPO,scripts\state_labeling\exemplar_sensory_decomposition.py:56;scripts\state_labeling\exemplar_state_conditioned_units.py:62;scripts\state_labeling\explore4_partial_rt.py:42;scripts\state_labeling\explore_extract.py:46;scripts\state_labeling\explore_state_neural.py:45;scripts\state_labeling\gain_illustration.py:50,False,0,18,False,divergent-parameter
_REPO_ROOT,scripts\analysis\tf_response\plot_tf_pulse_grid.py:11;scripts\neural_latents\n1_c1c_ramp_slope.py:72,False,0,2,False,path-alias
_ROOT,scripts\QC_technical\audit_trial_baselineon_alignment.py:36;scripts\QC_technical\characterize_unsolvable_alignment.py:83;scripts\QC_technical\repair_trial_event_alignment.py:19;scripts\analysis\behavior\early_lick_learning_trajectory.py:33;scripts\analysis\behavior\early_lick_replication.py:26;scripts\analysis\behavior\fa_lick_hazard_learning.py:36,False,0,22,False,path-alias
_SCRIPT,tests\scripts\test_label_reliability.py:12;tests\scripts\test_validate_selectivity_phase0.py:10,False,0,2,False,divergent-parameter
_SCRIPTS,tests\scripts\test_b10_scripts.py:15;tests\test_state_calibration.py:20,False,0,2,False,divergent-parameter
_SCRIPT_DIR,scripts\pipelines\tracking\run_deepunitmatch_all.py:58;scripts\video\batch_sync_sessions.py:34;scripts\video\characterize_camera_signal.py:41;scripts\video\compare_mask_sync.py:34;scripts\video\corneal_spatial_diagnostic.py:28;scripts\video\poc_multianchor_sync.py:33,False,0,8,False,path-alias
_SRC,scripts\tf_responsiveness\batch_responsiveness.py:30;scripts\tf_responsiveness\review_pulse_responsiveness.py:29;scripts\tf_responsiveness\validate_selectivity_phase0.py:25,False,0,3,True,genuinely-local
_W,scripts\talk_substrate\build_event_cache.py:63;tests\analysis\test_track_curation.py:113,False,0,2,False,divergent-parameter
