file,line,func,variant,tree
scripts/analysis/behavior/fit_behavioral_hmm.py,79,strptime,%d%m%Y,scripts
scripts/analysis/behavior/hmm_behavioral_states.py,45,strptime,%d%m%Y,scripts
scripts/analysis/behavior/plot_cross_session_behavior.py,31,strptime,%d%m%Y,scripts
scripts/analysis/lick/compare_sessions_lick.py,30,strptime,%d%m%Y,scripts
scripts/analysis/lick/compare_slopes.py,35,strptime,%d%m%Y,scripts
scripts/analysis/lick/plot_chronological_progression.py,26,strptime,%d%m%Y,scripts
scripts/analysis/lick/plot_fa_lick_peth.py,34,strptime,%d%m%Y,scripts
scripts/analysis/lick/plot_fa_neural_stratified.py,35,strptime,%d%m%Y,scripts
scripts/analysis/plot_learning_curve.py,18,to_datetime,%d%m%Y,scripts
scripts/analysis/prep_unitmatch_full_trial_waveforms.py,403,strptime,%d%m%Y,scripts
scripts/analysis/run_deep_unitmatch.py,75,to_datetime,%d%m%Y,scripts
scripts/analysis/run_unitmatch_pipeline.py,38,strptime,%d%m%Y,scripts
scripts/analysis/run_unitmatch_pipeline.py,48,strptime,%d%m%Y,scripts
scripts/batch_processing/aggregate_batch_results.py,75,strptime,%d%m%Y,scripts
scripts/batch_processing/build_manifest_and_behavior_summary.py,151,to_datetime,%d%m%Y,scripts
scripts/data_management/create_session_manifest.py,29,strptime,%d%m%Y,scripts
scripts/pipelines/concat_sort/build_concat_windows.py,56,strptime,%d%m%Y,scripts
scripts/pipelines/concat_sort/qc_stitch_output.py,45,strptime,%d%m%Y,scripts
scripts/pipelines/concat_sort/run_concat_unitmatch.py,48,strptime,%d%m%Y,scripts
scripts/pipelines/concat_sort/run_concat_unitmatch.py,56,strptime,%d%m%Y,scripts
scripts/pipelines/concat_sort/select_learning_sessions.py,44,strptime,%d%m%Y,scripts
scripts/pipelines/tracking/build_qc_sheets.py,116,strptime,%d%m%Y,scripts
scripts/pipelines/tracking/diagnose_intersession_drift.py,59,strptime,%d%m%Y,scripts
scripts/pipelines/tracking/run_deepunitmatch_all.py,181,strptime,%d%m%Y,scripts
scripts/pipelines/tracking/run_unitmatch_all.py,67,strptime,%d%m%Y,scripts
scripts/pipelines/tracking/run_unitmatch_all.py,73,strptime,%d%m%y,scripts
scripts/pipelines/tracking/run_unitmatch_all.py,78,strptime,%d%m%Y,scripts
