file,line,target,category
scripts\analysis\build_longitudinal_table.py,28,src,repo-src
scripts\analysis\build_waveform_celltype_labels.py,14,src,repo-src
scripts\analysis\run_deep_unitmatch.py,60,<computed>,computed
scripts\analysis\behavior\early_lick_learning_trajectory.py,35,src,repo-src
scripts\analysis\behavior\early_lick_replication.py,28,src,repo-src
scripts\analysis\behavior\early_lick_replication.py,29,<computed>,computed
scripts\analysis\behavior\fa_lick_hazard_learning.py,38,src,repo-src
scripts\analysis\behavior\hmm_external_validation.py,33,src,repo-src
scripts\analysis\decision_latents\cluster_recovery_harness.py,84,<computed>,computed
scripts\analysis\decision_latents\cluster_recovery_harness.py,168,<computed>,computed
scripts\analysis\decision_latents\cluster_recovery_harness.py,340,<computed>,computed
scripts\anatomy\plot_tf_cells_on_atlas.py,47,<computed>,computed
scripts\anatomy\plot_units_on_atlas.py,44,<computed>,computed
scripts\anatomy\preflight_tracks.py,30,<computed>,computed
scripts\audit\d1_constants_census.py,8,<computed>,computed
scripts\audit\d1_executed_checks.py,13,<computed>,computed
scripts\audit\d2_layering.py,2,<computed>,computed
scripts\audit\d2_layering.py,7,<computed>,computed
scripts\audit\d2_layering.py,30,<computed>,computed
scripts\audit\d2_layering.py,36,<computed>,computed
scripts\audit\d5_guardrail_count.py,5,<computed>,computed
scripts\chronic_feasibility\chronic_feasibility_figure.py,53,src,repo-src
scripts\chronic_feasibility\chronic_feasibility_figure.py,54,scripts,other-literal
scripts\evidence_learning\b10_phase0_coverage.py,15,src,repo-src
scripts\evidence_learning\b10_phase1_behavioral.py,16,src,repo-src
scripts\evidence_learning\b10_phase1_neural.py,17,src,repo-src
scripts\evidence_learning\b10_phase2_state.py,18,src,repo-src
scripts\evidence_learning\b10_tf_tracking.py,22,src,repo-src
scripts\evidence_learning\b10_tf_tracking_paired.py,21,src,repo-src
scripts\kilosort_related\generate_chanmaps.py,25,<computed>,computed
scripts\neural_latents\n1_c1c_ramp_slope.py,74,<computed>,computed
scripts\optotagging\render_opto_candidates.py,61,<computed>,computed
scripts\optotagging\render_opto_exemplar_figure.py,44,<computed>,computed
scripts\pipelines\tracking\build_qc_sheets.py,42,src,repo-src
scripts\pipelines\tracking\curate_tracks.py,35,src,repo-src
scripts\pipelines\tracking\curate_tracks.py,36,<computed>,computed
scripts\pipelines\tracking\make_state_tables.py,24,src,repo-src
scripts\pipelines\tracking\make_state_tables.py,25,<computed>,computed
scripts\pipelines\tracking\qc_sheet_figures.py,21,src,repo-src
scripts\pipelines\tracking\regen_glt_from_um.py,15,src,repo-src
scripts\pipelines\tracking\render_curation_sheets.py,31,<computed>,computed
scripts\pipelines\tracking\render_curation_sheets.py,32,src,repo-src
scripts\pipelines\tracking\run_deepunitmatch_all.py,75,<computed>,computed
scripts\pipelines\tracking\run_deepunitmatch_all.py,277,<computed>,computed
scripts\pipelines\tracking\train_deepum_ae.py,15,<computed>,computed
scripts\pipelines\tracking\train_deepum_clip.py,21,<computed>,computed
scripts\pipelines\tracking\train_deepum_common.py,73,<computed>,computed
scripts\pipelines\tracking\validate_curation.py,20,src,repo-src
scripts\pipelines\tracking\validate_curation.py,21,<computed>,computed
scripts\pipelines\tracking\validate_long_tracks.py,34,src,repo-src
scripts\pipelines\tracking\tests\test_ae_smoke.py,4,<computed>,computed
scripts\pipelines\tracking\tests\test_deepum_common.py,3,<computed>,computed
scripts\pipelines\tracking\tests\test_deepum_smoke.py,4,<computed>,computed
scripts\pipelines\tracking\tests\test_eval_assembly.py,3,<computed>,computed
scripts\pipelines\tracking\tests\test_freeze_policy.py,3,<computed>,computed
scripts\popgeom_theta\theta_count_matched.py,19,src,repo-src
scripts\popgeom_theta\theta_prototype.py,22,src,repo-src
scripts\popgeom_theta\theta_support_matched.py,18,src,repo-src
scripts\qc\check_refactor_guardrails.py,13,<computed>,computed
scripts\qc\check_refactor_guardrails.py,47,<computed>,computed
scripts\qc\check_refactor_guardrails.py,82,<computed>,computed
scripts\QC_CHECKS\audit_unit_table.py,13,src,repo-src
scripts\QC_technical\audit_trial_baselineon_alignment.py,38,src,repo-src
scripts\QC_technical\characterize_unsolvable_alignment.py,85,src,repo-src
scripts\QC_technical\repair_trial_event_alignment.py,21,src,repo-src
scripts\QC_technical\validate_event_spike_clock_drift.py,39,<computed>,computed
scripts\session_sorting\apply_session_group_rule.py,22,src,repo-src
scripts\session_sorting\fit_session_group_rule.py,33,src,repo-src
scripts\session_sorting\run_session_sorter.py,46,src,repo-src
scripts\state_dynamics\within_session_dynamics.py,20,src,repo-src
scripts\state_labeling\calibrate_states.py,7,..,other-literal
scripts\state_labeling\make_learning_arc.py,16,..,other-literal
scripts\state_labeling\make_pipeline_figure.py,18,..,other-literal
scripts\state_labeling\make_slide_figure.py,18,..,other-literal
scripts\state_labeling\make_transfer_panel.py,27,..,other-literal
scripts\state_labeling\run_state_labeler.py,22,..,other-literal
scripts\state_labeling\tag_sessions.py,20,..,other-literal
scripts\state_labeling\validate_states.py,8,..,other-literal
scripts\state_tf_learning\b9_deliverable2.py,15,..,other-literal
scripts\state_tf_learning\b9_engagement.py,15,..,other-literal
scripts\state_tf_learning\b9_phase0_profile.py,15,..,other-literal
scripts\state_tf_learning\b9_recruitment.py,12,..,other-literal
scripts\state_tf_learning\b9_summary_figure.py,12,..,other-literal
scripts\talk_substrate\build_event_cache.py,43,<computed>,computed
scripts\talk_substrate\demo_baseline_window.py,31,<computed>,computed
scripts\talk_substrate\fig_a_celltype_inventory.py,37,<computed>,computed
scripts\talk_substrate\fig_b_event_psths.py,41,<computed>,computed
scripts\talk_substrate\fig_b_sign_split.py,22,<computed>,computed
scripts\talk_substrate\fig_c2_changesize.py,13,<computed>,computed
scripts\talk_substrate\fig_c3_fa_timing.py,13,<computed>,computed
scripts\talk_substrate\fig_c_outcome.py,15,<computed>,computed
scripts\talk_substrate\fig_d_state.py,17,<computed>,computed
scripts\talk_substrate\ws1_changesize_validation.py,39,<computed>,computed
scripts\talk_substrate\ws2_celltype_validity.py,38,<computed>,computed
scripts\talk_substrate\ws2_isi_features.py,30,<computed>,computed
scripts\talk_substrate\ws3_updown_timing.py,39,<computed>,computed
scripts\talk_substrate\ws_fixB_validity.py,23,<computed>,computed
scripts\talk_substrate\ws_fixC_pushpull.py,27,<computed>,computed
scripts\talk_substrate\ws_fix_inventory.py,22,<computed>,computed
scripts\talk_substrate\ws_learning.py,31,<computed>,computed
scripts\talk_substrate\ws_learning_crossed_build.py,27,<computed>,computed
scripts\talk_substrate\ws_learning_hitmiss.py,21,<computed>,computed
scripts\talk_substrate\ws_learning_state.py,21,<computed>,computed
scripts\talk_substrate\ws_xanimal_celltype.py,25,<computed>,computed
scripts\talk_substrate\ws_xanimal_cortex.py,28,<computed>,computed
scripts\talk_substrate\ws_xanimal_striatum.py,28,<computed>,computed
scripts\talk_substrate\ws_xanimal_striatum_tf.py,21,<computed>,computed
scripts\talk_substrate\_common.py,19,src,repo-src
scripts\talk_substrate\_events_plot.py,19,<computed>,computed
scripts\tf_responsiveness\batch_responsiveness.py,32,<computed>,computed
scripts\tf_responsiveness\make_tf_glm_figures.py,38,src,repo-src
scripts\tf_responsiveness\plot_bg046_pulses.py,24,E:/python_analysis/git_repos/vd_tf_bg046/src,foreign-absolute-MISSING
scripts\tf_responsiveness\plot_tf_exemplars.py,48,src,repo-src
scripts\tf_responsiveness\review_pulse_responsiveness.py,31,<computed>,computed
scripts\tf_responsiveness\run_tf_glm.py,38,src,repo-src
scripts\tf_responsiveness\run_tf_glm_bg046.py,35,E:/python_analysis/git_repos/vd_tf_bg046/src,foreign-absolute-MISSING
scripts\tf_responsiveness\run_tf_glm_diagnostic.py,58,src,repo-src
scripts\tf_responsiveness\run_tf_glm_fullmodel_CP.py,41,src,repo-src
scripts\tf_responsiveness\run_tf_glm_fullmodel_visp.py,53,src,repo-src
scripts\tf_responsiveness\run_tf_glm_khilkevich.py,43,src,repo-src
scripts\tf_responsiveness\smoke_bg046.py,10,E:/python_analysis/git_repos/vd_tf_bg046/src,foreign-absolute-MISSING
scripts\tf_responsiveness\validate_selectivity_phase0.py,27,<computed>,computed
scripts\tf_responsiveness\cluster\diag_fullcv.py,6,E:/python_analysis/git_repos/vd_tf_phase0/src,foreign-absolute-MISSING
scripts\tf_responsiveness\cluster\diag_full_design.py,10,E:/python_analysis/git_repos/vd_tf_phase0/src,foreign-absolute-MISSING
scripts\tf_responsiveness\cluster\diag_full_standardize.py,7,E:/python_analysis/git_repos/vd_tf_phase0/src,foreign-absolute-MISSING
scripts\tf_responsiveness\cluster\diag_lin_vs_log2.py,6,E:/python_analysis/git_repos/vd_tf_phase0/src,foreign-absolute-MISSING
scripts\tf_responsiveness\cluster\diag_schema.py,5,E:/python_analysis/git_repos/vd_tf_phase0/src,foreign-absolute-MISSING
scripts\tf_responsiveness\cluster\diag_tf_baseonly_tagB.py,7,E:/python_analysis/git_repos/vd_tf_phase0/src,foreign-absolute-MISSING
scripts\tf_responsiveness\cluster\diag_tf_fix.py,5,E:/python_analysis/git_repos/vd_tf_phase0/src,foreign-absolute-MISSING
scripts\tf_responsiveness\cluster\diag_tf_signal.py,5,E:/python_analysis/git_repos/vd_tf_phase0/src,foreign-absolute-MISSING
scripts\tf_responsiveness\cluster\diag_tf_signal2.py,4,E:/python_analysis/git_repos/vd_tf_phase0/src,foreign-absolute-MISSING
scripts\tf_responsiveness\cluster\diag_tf_standardize.py,13,E:/python_analysis/git_repos/vd_tf_phase0/src,foreign-absolute-MISSING
scripts\tf_responsiveness\cluster\test_faithful_synthetic.py,7,E:/python_analysis/git_repos/vd_tf_phase0/src,foreign-absolute-MISSING
scripts\tf_responsiveness\cluster\tf_glm_cluster_task.py,47,src,repo-src
scripts\tf_responsiveness\cluster\verify_lean_import.py,87,<computed>,computed
scripts\tf_responsiveness\cluster_bg\tf_glm_bg_task.py,46,src,repo-src
scripts\tf_responsiveness\cluster_bg\verify_lean_import_bg.py,93,<computed>,computed
scripts\tf_responsiveness\preparatory_fig5\build_prep_cache.py,16,<computed>,computed
scripts\tf_responsiveness\preparatory_fig5\fig5e_fraction_active.py,29,<computed>,computed
scripts\tf_responsiveness\preparatory_fig5\fig5fg_onset_heatmaps.py,35,<computed>,computed
scripts\tf_responsiveness\preparatory_fig5\fig5h_onset_vs_width.py,38,<computed>,computed
scripts\tf_responsiveness\preparatory_fig5\fig_hit_vs_fa.py,28,<computed>,computed
scripts\tf_responsiveness\preparatory_fig5\licktime_shuffle_control.py,23,<computed>,computed
scripts\tf_responsiveness\preparatory_fig5\nulls_and_hardening.py,46,<computed>,computed
scripts\tf_responsiveness\preparatory_fig5\permutation_significance_control.py,39,<computed>,computed
scripts\tf_responsiveness\state_conditioned\combined_figure.py,22,E:/python_analysis/git_repos/vd_tf_bg046/scripts/tf_responsiveness/state_conditioned,foreign-absolute-MISSING
scripts\tf_responsiveness\state_conditioned\compute_exemplar_ci.py,44,<computed>,computed
scripts\tf_responsiveness\state_conditioned\compute_exemplar_pulse_ci.py,59,<computed>,computed
scripts\tf_responsiveness\state_conditioned\continuum_common.py,15,<computed>,computed
scripts\tf_responsiveness\state_conditioned\core_metrics_continuum.py,38,<computed>,computed
scripts\tf_responsiveness\state_conditioned\diseng_sensitivity.py,42,<computed>,computed
scripts\tf_responsiveness\state_conditioned\exemplar_kernels_continuum.py,68,<computed>,computed
scripts\tf_responsiveness\state_conditioned\fa_lick_activity.py,35,<computed>,computed
scripts\tf_responsiveness\state_conditioned\fa_lick_continuum.py,53,<computed>,computed
scripts\tf_responsiveness\state_conditioned\hardening_continuum.py,63,<computed>,computed
scripts\tf_responsiveness\state_conditioned\hardening_pseudoreplication.py,42,<computed>,computed
scripts\tf_responsiveness\state_conditioned\heatmap_continuum.py,71,<computed>,computed
scripts\tf_responsiveness\state_conditioned\heatmap_transient_sustained.py,29,<computed>,computed
scripts\tf_responsiveness\state_conditioned\heatmap_transient_sustained_rowsmooth.py,50,<computed>,computed
scripts\tf_responsiveness\state_conditioned\kernel_families_continuum.py,51,<computed>,computed
scripts\tf_responsiveness\state_conditioned\latency_outcome_coupling.py,65,<computed>,computed
scripts\tf_responsiveness\state_conditioned\learning_continuum.py,51,<computed>,computed
scripts\tf_responsiveness\state_conditioned\learning_transient_sustained.py,34,<computed>,computed
scripts\tf_responsiveness\state_conditioned\lick_acquisition.py,42,<computed>,computed
scripts\tf_responsiveness\state_conditioned\null_controls_continuum.py,29,<computed>,computed
scripts\tf_responsiveness\state_conditioned\population_geometry.py,36,E:/python_analysis/git_repos/vd_tf_bg046/src,foreign-absolute-MISSING
scripts\tf_responsiveness\state_conditioned\rebuild_peth_traces_all.py,25,<computed>,computed
scripts\tf_responsiveness\state_conditioned\recompute_kernel_width.py,41,<computed>,computed
scripts\tf_responsiveness\state_conditioned\recompute_kernel_width.py,45,<computed>,computed
scripts\tf_responsiveness\state_conditioned\recompute_pulse_fwhm_allpulses.py,44,<computed>,computed
scripts\tf_responsiveness\state_conditioned\representative_cells.py,35,E:/python_analysis/git_repos/vd_tf_bg046/src,foreign-absolute-MISSING
scripts\tf_responsiveness\state_conditioned\robustness_width_coupling.py,24,<computed>,computed
scripts\tf_responsiveness\state_conditioned\spectrum_vs_classes.py,23,<computed>,computed
scripts\tf_responsiveness\state_conditioned\statesplit_rt_leakage_control.py,38,<computed>,computed
scripts\tf_responsiveness\state_conditioned\state_split_pulse_peth.py,38,E:/python_analysis/git_repos/vd_tf_bg046/src,foreign-absolute-MISSING
scripts\tf_responsiveness\state_conditioned\state_x_class.py,45,<computed>,computed
scripts\tf_responsiveness\state_conditioned\transient_vs_sustained.py,38,<computed>,computed
scripts\tf_responsiveness\state_conditioned\transition_dynamics.py,45,<computed>,computed
scripts\tf_responsiveness\state_conditioned\waveform_celltype_join.py,40,<computed>,computed
scripts\tf_responsiveness\state_conditioned\width_continuum_summary.py,35,<computed>,computed
scripts\tf_responsiveness\state_conditioned\width_logscale_distribution.py,44,<computed>,computed
scripts\tf_responsiveness\state_conditioned\width_logscale_fit_diagnostics.py,39,<computed>,computed
scripts\tf_responsiveness\state_conditioned\width_vs_waveform.py,25,<computed>,computed
scripts\tf_responsiveness\state_conditioned\cluster\tf_glm_state_task.py,36,src,repo-src
scripts\tracking_consensus\build_consensus_cohort.py,36,src,repo-src
scripts\tracking_consensus\compute_behavior_cache.py,32,src,repo-src
scripts\tracking_consensus\compute_behavior_cache.py,33,scripts,other-literal
scripts\tracking_consensus\compute_isi_validation.py,35,src,repo-src
scripts\tracking_consensus\compute_isi_validation.py,36,scripts,other-literal
scripts\tracking_consensus\render_behavior_figures.py,38,src,repo-src
scripts\tracking_consensus\render_consensus_figures.py,47,src,repo-src
scripts\tracking_consensus\write_readme.py,15,src,repo-src
scripts\tracking_dant\build_dant_inputs.py,18,<computed>,computed
scripts\tracking_dant\build_dant_inputs.py,24,<computed>,computed
scripts\tracking_dant\composite_retier.py,34,<computed>,computed
scripts\tracking_dant\composite_retier.py,45,scripts,other-literal
scripts\tracking_dant\composite_retier.py,46,src,repo-src
scripts\tracking_dant\corroborator_compare.py,27,<computed>,computed
scripts\tracking_dant\curate_dant.py,162,src,repo-src
scripts\tracking_dant\curate_dant.py,163,scripts,other-literal
scripts\tracking_dant\dant_to_registry.py,9,<computed>,computed
scripts\tracking_dant\evaluate_dant.py,28,<computed>,computed
scripts\tracking_dant\exemplar_tracking_figure.py,66,src,repo-src
scripts\tracking_dant\exemplar_tracking_figure.py,67,scripts,other-literal
scripts\tracking_dant\inclusive_trusted.py,40,<computed>,computed
scripts\tracking_dant\laser_fingerprint_test.py,29,<computed>,computed
scripts\tracking_dant\laser_psth_fingerprint.py,30,<computed>,computed
scripts\tracking_dant\prototype_rescorer.py,33,<computed>,computed
scripts\tracking_dant\render_dant_behavior_figures.py,32,src,repo-src
scripts\tracking_dant\render_dant_behavior_figures.py,33,scripts,other-literal
scripts\tracking_dant\render_dant_behavior_figures.py,34,scripts,other-literal
scripts\tracking_dant\render_dant_candidate_figures.py,35,src,repo-src
scripts\tracking_dant\render_dant_candidate_figures.py,36,scripts,other-literal
scripts\tracking_dant\validate_composite.py,30,<computed>,computed
scripts\tracking_showcase\render_best_per_mouse.py,38,src,repo-src
scripts\tracking_showcase\render_best_per_mouse.py,39,scripts/pipelines/tracking,other-literal
scripts\video\click_anchor.py,238,<computed>,computed
scripts\video\tag_session.py,111,<computed>,computed
tests\test_audit_alignment_columns.py,4,..,other-literal
tests\test_repair_trial_event_alignment.py,8,..,other-literal
tests\analysis\conftest.py,15,<computed>,computed
tests\analysis\test_continuum_common.py,7,<computed>,computed
tests\anatomy\test_build_channel_atlas_cli.py,5,..,other-literal
tests\anatomy\test_import_brainglobe_tracks.py,4,..,other-literal
tests\anatomy\test_import_track.py,6,..,other-literal
tests\anatomy\test_localize_units_cli.py,5,..,other-literal
tests\anatomy\test_plot_shank_anatomy.py,6,..,other-literal
tests\anatomy\test_plot_sites_on_atlas.py,7,..,other-literal
tests\anatomy\test_plot_tf_cells_on_atlas.py,7,..,other-literal
tests\anatomy\test_plot_units_on_atlas.py,7,..,other-literal
tests\audit\test_audit_lib.py,5,scripts,other-literal
tests\scripts\test_prep_fig5.py,3,scripts/tf_responsiveness/preparatory_fig5,other-literal
tests\tracking_dant\conftest.py,7,<computed>,computed
