figure,topic,method,producer
FIGURES\anatomy\BG_031\BG_031_25042025_lick_fa_auroc.png,anatomy,unique-topic-writer,scripts/anatomy/render_brain_3d.py
FIGURES\anatomy\BG_031\BG_031_tf_responsive_stereotaxic.png,anatomy,unique-topic-writer,scripts/anatomy/render_brain_3d.py
FIGURES\anatomy\BG_031\BG_031_width_class_stereotaxic.png,anatomy,unique-topic-writer,scripts/anatomy/render_brain_3d.py
FIGURES\anatomy\BG_046\BG_046_17092025_lick_contrast.png,anatomy,unique-topic-writer,scripts/anatomy/render_brain_3d.py
FIGURES\anatomy\BG_046\views\BG_046_3d_sagittal.png,anatomy,unique-topic-writer,scripts/anatomy/render_brain_3d.py
FIGURES\behavior\BG_031\BG_031_28052025\psychometric_curve.png,behavior,stem-in-source,scripts/analysis/behavior/plot_session_behavior.py
FIGURES\behavior\BG_038\BG_038_20082025\psychometric_curve.png,behavior,stem-in-source,scripts/analysis/behavior/plot_session_behavior.py
FIGURES\behavior\BG_040\BG_040_10062025\psychometric_curve.png,behavior,stem-in-source,scripts/analysis/behavior/plot_session_behavior.py
FIGURES\behavior\BG_046\BG_046_13082025\session_dynamics.png,behavior,stem-in-source,scripts/analysis/behavior/plot_session_behavior.py
FIGURES\behavior\BG_046\BG_046_19082025\psychometric_curve.png,behavior,stem-in-source,scripts/analysis/behavior/plot_session_behavior.py
FIGURES\chronic_feasibility\BG_046\fig1_population_baseline.pdf,chronic_feasibility,untraceable,
FIGURES\chronic_feasibility\BG_046\fig2_tracked_gallery_dant.png,chronic_feasibility,untraceable,
FIGURES\chronic_feasibility\BG_046\fig2_tracked_gallery_um.png,chronic_feasibility,untraceable,
FIGURES\chronic_feasibility\BG_046\fig3_tracked_across_heatmaps_dant.pdf,chronic_feasibility,untraceable,
FIGURES\chronic_feasibility\BG_046\fig3_tracked_across_heatmaps_dant.png,chronic_feasibility,untraceable,
FIGURES\decision_latents\BG_046\_pre_qc_20260620\fig_b8_F1A_curves_by_comprehension.png,decision_latents,stem-in-source,scripts/analysis/decision_latents/run_decision_latents_by_state.py
FIGURES\decision_latents\BG_046\_pre_qc_20260620\fig_b8_QC_distributions.png,decision_latents,stem-in-source,scripts/analysis/decision_latents/behavioral_qc_profile.py
FIGURES\decision_latents\BG_046\fig_b8_F1A_curves_by_thirds.png,decision_latents,stem-in-source,scripts/analysis/decision_latents/run_decision_latents_by_state.py
FIGURES\decision_latents\BG_046\fig_b8_F5_bias_not_gain.png,decision_latents,stem-in-source,scripts/analysis/decision_latents/run_decision_latents_by_state.py
FIGURES\decision_latents\BG_046\fig_b8_QC_distributions.png,decision_latents,stem-in-source,scripts/analysis/decision_latents/behavioral_qc_profile.py
FIGURES\evidence_learning\neural\b10_neural_kernel.png,evidence_learning,stem-in-source,scripts/evidence_learning/b10_phase1_neural.py
FIGURES\evidence_learning\pooled\b10_behavioral_kernel.png,evidence_learning,stem-in-source,scripts/evidence_learning/b10_phase1_behavioral.py
FIGURES\evidence_learning\state\b10_state_kernel.png,evidence_learning,stem-in-source,scripts/evidence_learning/b10_phase2_state.py
FIGURES\evidence_learning\tracking\b10_tf_tracking.png,evidence_learning,stem-in-source,scripts/evidence_learning/b10_tf_tracking.py
FIGURES\neural_latents\BG_046\fig_n1_c1_gate.png,neural_latents,stem-in-source,scripts/neural_latents/n1_c1_gate.py
FIGURES\neural_latents\BG_046\fig_n1_c1b_within_fa.png,neural_latents,stem-in-source,scripts/neural_latents/n1_c1b_within_fa.py
FIGURES\neural_latents\BG_046\fig_n1_c1c_ramp_slope.png,neural_latents,stem-in-source,scripts/neural_latents/n1_c1c_ramp_slope.py
FIGURES\neural_latents\BG_046\fig_n1_summary.png,neural_latents,stem-in-source,scripts/neural_latents/run_n1.py
FIGURES\neural_latents\BG_046\n1_synthetic_recovery.png,neural_latents,stem-in-source,scripts/neural_latents/_synthetic_recovery.py
FIGURES\optotagging\BG_046\fig43d_candidate_gallery_p03.png,optotagging,untraceable,
FIGURES\optotagging\BG_046\fig43d_candidate_gallery_p04.png,optotagging,untraceable,
FIGURES\optotagging\BG_046\fig43d_candidate_gallery_p07.png,optotagging,untraceable,
FIGURES\optotagging\BG_046\fig43d_candidate_gallery_p12.png,optotagging,untraceable,
FIGURES\optotagging\BG_046\fig43d_candidate_gallery_p13.png,optotagging,untraceable,
FIGURES\popgeom_fa_cutoff\behavioural_statespace_trajectories.png,popgeom_fa_cutoff,untraceable,
FIGURES\popgeom_fa_cutoff\fa_lick_hazard_by_mouse.png,popgeom_fa_cutoff,untraceable,
FIGURES\popgeom_theta\theta_count_matched.png,popgeom_theta,stem-in-source,scripts/audit/d3_scripts_census.py
FIGURES\popgeom_theta\theta_prototype.png,popgeom_theta,stem-in-source,scripts/audit/d3_scripts_census.py
FIGURES\popgeom_theta\theta_support_matched.png,popgeom_theta,stem-in-source,scripts/popgeom_theta/theta_support_matched.py
FIGURES\population_field\BG_046\registration_qc.png,population_field,stem-in-source,scripts/population_field/registration_qc.py
FIGURES\preparatory_fig5\DMS\fig5e_fa.pdf,preparatory_fig5,untraceable,
FIGURES\preparatory_fig5\DMS\fig5e_fa.png,preparatory_fig5,untraceable,
FIGURES\preparatory_fig5\DMS\fig5e_hit.pdf,preparatory_fig5,untraceable,
FIGURES\preparatory_fig5\DMS\fig5e_hit.png,preparatory_fig5,untraceable,
FIGURES\preparatory_fig5\DMS\fig5fg_fa.pdf,preparatory_fig5,untraceable,
FIGURES\preparatory_fig5\DMS\fig5fg_fa.png,preparatory_fig5,untraceable,
FIGURES\preparatory_fig5\DMS\fig5fg_hit.pdf,preparatory_fig5,untraceable,
FIGURES\preparatory_fig5\DMS\fig5fg_hit.png,preparatory_fig5,untraceable,
FIGURES\preparatory_fig5\DMS\fig5h_fa.pdf,preparatory_fig5,untraceable,
FIGURES\preparatory_fig5\DMS\fig5h_fa.png,preparatory_fig5,untraceable,
FIGURES\preparatory_fig5\DMS\fig5h_hit.pdf,preparatory_fig5,untraceable,
FIGURES\preparatory_fig5\DMS\fig5h_hit.png,preparatory_fig5,untraceable,
FIGURES\preparatory_fig5\hit_vs_fa\fig_hit_vs_fa.pdf,preparatory_fig5,stem-in-source,scripts/tf_responsiveness/preparatory_fig5/fig_hit_vs_fa.py
FIGURES\preparatory_fig5\hit_vs_fa\fig_hit_vs_fa.png,preparatory_fig5,stem-in-source,scripts/tf_responsiveness/preparatory_fig5/fig_hit_vs_fa.py
FIGURES\preparatory_fig5\permutation\fig_permutation_vs_parametric_hit.pdf,preparatory_fig5,stem-in-source,scripts/tf_responsiveness/preparatory_fig5/permutation_significance_control.py
FIGURES\preparatory_fig5\permutation\fig_permutation_vs_parametric_hit.png,preparatory_fig5,stem-in-source,scripts/tf_responsiveness/preparatory_fig5/permutation_significance_control.py
FIGURES\preparatory_fig5\pooled\fig5e_fa.pdf,preparatory_fig5,untraceable,
FIGURES\preparatory_fig5\pooled\fig5e_fa.png,preparatory_fig5,untraceable,
FIGURES\preparatory_fig5\pooled\fig5e_hit.pdf,preparatory_fig5,untraceable,
FIGURES\preparatory_fig5\pooled\fig5e_hit.png,preparatory_fig5,untraceable,
FIGURES\preparatory_fig5\pooled\fig5fg_fa.pdf,preparatory_fig5,untraceable,
FIGURES\preparatory_fig5\pooled\fig5fg_fa.png,preparatory_fig5,untraceable,
FIGURES\preparatory_fig5\pooled\fig5fg_hit.pdf,preparatory_fig5,untraceable,
FIGURES\preparatory_fig5\pooled\fig5fg_hit.png,preparatory_fig5,untraceable,
FIGURES\preparatory_fig5\pooled\fig5h_fa.pdf,preparatory_fig5,untraceable,
FIGURES\preparatory_fig5\pooled\fig5h_fa.png,preparatory_fig5,untraceable,
FIGURES\preparatory_fig5\pooled\fig5h_hit.pdf,preparatory_fig5,untraceable,
FIGURES\preparatory_fig5\pooled\fig5h_hit.png,preparatory_fig5,untraceable,
FIGURES\preparatory_fig5\VMS\fig5e_fa.pdf,preparatory_fig5,untraceable,
FIGURES\preparatory_fig5\VMS\fig5e_fa.png,preparatory_fig5,untraceable,
FIGURES\preparatory_fig5\VMS\fig5e_hit.pdf,preparatory_fig5,untraceable,
FIGURES\preparatory_fig5\VMS\fig5e_hit.png,preparatory_fig5,untraceable,
FIGURES\preparatory_fig5\VMS\fig5fg_fa.pdf,preparatory_fig5,untraceable,
FIGURES\preparatory_fig5\VMS\fig5fg_fa.png,preparatory_fig5,untraceable,
FIGURES\preparatory_fig5\VMS\fig5fg_hit.pdf,preparatory_fig5,untraceable,
FIGURES\preparatory_fig5\VMS\fig5fg_hit.png,preparatory_fig5,untraceable,
FIGURES\preparatory_fig5\VMS\fig5h_fa.pdf,preparatory_fig5,untraceable,
FIGURES\preparatory_fig5\VMS\fig5h_fa.png,preparatory_fig5,untraceable,
FIGURES\preparatory_fig5\VMS\fig5h_hit.pdf,preparatory_fig5,untraceable,
FIGURES\preparatory_fig5\VMS\fig5h_hit.png,preparatory_fig5,untraceable,
FIGURES\qc\m2_celltype_diagnostic.png,qc,unique-topic-writer,scripts/QC_CHECKS/audit_unit_table.py
FIGURES\session_sorting\BG_031\session_group_rule_ep.png,session_sorting,unique-topic-writer,scripts/session_sorting/fit_session_group_rule.py
FIGURES\session_sorting\BG_039\session_group_rule_BG_039.png,session_sorting,unique-topic-writer,scripts/session_sorting/fit_session_group_rule.py
FIGURES\session_sorting\BG_046\session_group_rule.png,session_sorting,stem-in-source,scripts/session_sorting/apply_session_group_rule.py
FIGURES\session_sorting\BG_046\session_group_rule_dynonly.png,session_sorting,unique-topic-writer,scripts/session_sorting/fit_session_group_rule.py
FIGURES\session_sorting\BG_046\session_group_rule_no_hitrate.png,session_sorting,unique-topic-writer,scripts/session_sorting/fit_session_group_rule.py
FIGURES\state_dynamics\within_session_dynamics.png,state_dynamics,stem-in-source,scripts/audit/d3_scripts_census.py
FIGURES\state_labeler\BG_031\tag_25062025.png,state_labeler,untraceable,
FIGURES\state_labeler\BG_038\tag_03072025.png,state_labeler,untraceable,
FIGURES\state_labeler\BG_040\tag_13052025.png,state_labeler,untraceable,
FIGURES\state_labeler\BG_046\tag_14082025.png,state_labeler,untraceable,
FIGURES\state_labeler\BG_049\tag_05092025.png,state_labeler,untraceable,
FIGURES\state_tf_learning\b9_engagement_paired.png,state_tf_learning,stem-in-source,scripts/state_tf_learning/b9_engagement.py
FIGURES\state_tf_learning\b9_recruitment_fraction.png,state_tf_learning,stem-in-source,scripts/state_tf_learning/b9_recruitment.py
FIGURES\state_tf_learning\BG_031\b9_deliverable2_state_conditioned.png,state_tf_learning,stem-in-source,scripts/state_tf_learning/b9_deliverable2.py
FIGURES\state_tf_learning\BG_039\b9_deliverable2_state_conditioned.png,state_tf_learning,stem-in-source,scripts/state_tf_learning/b9_deliverable2.py
FIGURES\state_tf_learning\BG_039\b9_preliminary_trend.png,state_tf_learning,stem-in-source,scripts/state_tf_learning/b9_phase0_profile.py
FIGURES\talk_substrate\BG_038\ws1_changesize_validation.png,talk_substrate,stem-in-source,scripts/talk_substrate/ws1_changesize_validation.py
FIGURES\talk_substrate\BG_039\fig_b_sign_split.png,talk_substrate,stem-in-source,scripts/talk_substrate/fig_b_sign_split.py
FIGURES\talk_substrate\BG_046\fig_c2_changesize.png,talk_substrate,stem-in-source,scripts/talk_substrate/fig_c2_changesize.py
FIGURES\talk_substrate\BG_046\ws_learning_changesize.png,talk_substrate,stem-in-source,scripts/talk_substrate/ws_learning.py
FIGURES\talk_substrate\ws_xanimal_striatum_tf.png,talk_substrate,stem-in-source,scripts/talk_substrate/ws_xanimal_striatum_tf.py
FIGURES\tf_glm_bg046\core_metrics_continuum\core_metrics_continuum.pdf,tf_glm_bg046,stem-in-source,scripts/tf_responsiveness/state_conditioned/core_metrics_continuum.py
FIGURES\tf_glm_bg046\core_metrics_continuum\core_metrics_continuum.png,tf_glm_bg046,stem-in-source,scripts/tf_responsiveness/state_conditioned/core_metrics_continuum.py
FIGURES\tf_glm_bg046\diseng_sensitivity\diseng_sensitivity.pdf,tf_glm_bg046,stem-in-source,scripts/tf_responsiveness/state_conditioned/diseng_sensitivity.py
FIGURES\tf_glm_bg046\diseng_sensitivity\diseng_sensitivity.png,tf_glm_bg046,stem-in-source,scripts/tf_responsiveness/state_conditioned/diseng_sensitivity.py
FIGURES\tf_glm_bg046\exemplar_kernels_continuum\exemplar_kernels_continuum.pdf,tf_glm_bg046,stem-in-source,scripts/tf_responsiveness/state_conditioned/compute_exemplar_ci.py
FIGURES\tf_glm_bg046\exemplar_kernels_continuum\exemplar_kernels_continuum.png,tf_glm_bg046,stem-in-source,scripts/tf_responsiveness/state_conditioned/compute_exemplar_ci.py
FIGURES\tf_glm_bg046\fa_lick_activity\fa_lick_activity.pdf,tf_glm_bg046,stem-in-source,scripts/tf_responsiveness/state_conditioned/fa_lick_activity.py
FIGURES\tf_glm_bg046\fa_lick_activity\fa_lick_activity.png,tf_glm_bg046,stem-in-source,scripts/tf_responsiveness/state_conditioned/fa_lick_activity.py
FIGURES\tf_glm_bg046\fa_lick_continuum\fa_lick_continuum.pdf,tf_glm_bg046,stem-in-source,scripts/tf_responsiveness/state_conditioned/fa_lick_activity.py
FIGURES\tf_glm_bg046\fa_lick_continuum\fa_lick_continuum.png,tf_glm_bg046,stem-in-source,scripts/tf_responsiveness/state_conditioned/fa_lick_activity.py
FIGURES\tf_glm_bg046\hardening_continuum\hardening_continuum.pdf,tf_glm_bg046,stem-in-source,scripts/tf_responsiveness/state_conditioned/hardening_continuum.py
FIGURES\tf_glm_bg046\hardening_continuum\hardening_continuum.png,tf_glm_bg046,stem-in-source,scripts/tf_responsiveness/state_conditioned/hardening_continuum.py
FIGURES\tf_glm_bg046\hardening_pseudoreplication\hardening_pseudoreplication.pdf,tf_glm_bg046,stem-in-source,scripts/tf_responsiveness/state_conditioned/hardening_continuum.py
FIGURES\tf_glm_bg046\hardening_pseudoreplication\hardening_pseudoreplication.png,tf_glm_bg046,stem-in-source,scripts/tf_responsiveness/state_conditioned/hardening_continuum.py
FIGURES\tf_glm_bg046\heatmap_continuum\heatmap_continuum.pdf,tf_glm_bg046,stem-in-source,scripts/tf_responsiveness/state_conditioned/fa_lick_continuum.py
FIGURES\tf_glm_bg046\heatmap_continuum\heatmap_continuum.png,tf_glm_bg046,stem-in-source,scripts/tf_responsiveness/state_conditioned/fa_lick_continuum.py
FIGURES\tf_glm_bg046\heatmap_transient_sustained\heatmap_transient_sustained.pdf,tf_glm_bg046,stem-in-source,scripts/tf_responsiveness/state_conditioned/compute_exemplar_pulse_ci.py
FIGURES\tf_glm_bg046\heatmap_transient_sustained\heatmap_transient_sustained.png,tf_glm_bg046,stem-in-source,scripts/tf_responsiveness/state_conditioned/compute_exemplar_pulse_ci.py
FIGURES\tf_glm_bg046\heatmap_transient_sustained_rowsmooth\heatmap_transient_sustained_rowsmooth.pdf,tf_glm_bg046,stem-in-source,scripts/tf_responsiveness/state_conditioned/heatmap_transient_sustained_rowsmooth.py
FIGURES\tf_glm_bg046\kernel_families_continuum\kernel_families_continuum.pdf,tf_glm_bg046,stem-in-source,scripts/tf_responsiveness/state_conditioned/kernel_families_continuum.py
FIGURES\tf_glm_bg046\kernel_families_continuum\kernel_families_continuum.png,tf_glm_bg046,stem-in-source,scripts/tf_responsiveness/state_conditioned/kernel_families_continuum.py
FIGURES\tf_glm_bg046\latency_outcome_coupling\latency_outcome_coupling.pdf,tf_glm_bg046,stem-in-source,scripts/audit/d3_scripts_census.py
FIGURES\tf_glm_bg046\latency_outcome_coupling\latency_outcome_coupling.png,tf_glm_bg046,stem-in-source,scripts/audit/d3_scripts_census.py
FIGURES\tf_glm_bg046\learning_continuum\learning_continuum.pdf,tf_glm_bg046,stem-in-source,scripts/audit/d3_scripts_census.py
FIGURES\tf_glm_bg046\learning_continuum\learning_continuum.png,tf_glm_bg046,stem-in-source,scripts/audit/d3_scripts_census.py
FIGURES\tf_glm_bg046\null_controls\null_controls_continuum.pdf,tf_glm_bg046,stem-in-source,scripts/tf_responsiveness/state_conditioned/null_controls_continuum.py
FIGURES\tf_glm_bg046\null_controls\null_controls_continuum.png,tf_glm_bg046,stem-in-source,scripts/tf_responsiveness/state_conditioned/null_controls_continuum.py
FIGURES\tf_glm_bg046\population_geometry\BG_039\fig1_orthogonality.png,tf_glm_bg046,stem-in-source,scripts/tf_responsiveness/state_conditioned/population_geometry.py
FIGURES\tf_glm_bg046\robustness_width_coupling\robustness_width_coupling.pdf,tf_glm_bg046,stem-in-source,scripts/tf_responsiveness/state_conditioned/robustness_width_coupling.py
FIGURES\tf_glm_bg046\robustness_width_coupling\robustness_width_coupling.png,tf_glm_bg046,stem-in-source,scripts/tf_responsiveness/state_conditioned/robustness_width_coupling.py
FIGURES\tf_glm_bg046\spectrum_vs_classes\spectrum_vs_classes.pdf,tf_glm_bg046,stem-in-source,scripts/tf_responsiveness/state_conditioned/recompute_kernel_width.py
FIGURES\tf_glm_bg046\spectrum_vs_classes\spectrum_vs_classes.png,tf_glm_bg046,stem-in-source,scripts/tf_responsiveness/state_conditioned/recompute_kernel_width.py
FIGURES\tf_glm_bg046\transient_vs_sustained\transient_vs_sustained.pdf,tf_glm_bg046,stem-in-source,scripts/tf_responsiveness/state_conditioned/core_metrics_continuum.py
FIGURES\tf_glm_bg046\transient_vs_sustained\transient_vs_sustained.png,tf_glm_bg046,stem-in-source,scripts/tf_responsiveness/state_conditioned/core_metrics_continuum.py
FIGURES\tf_glm_bg046\waveform_celltype_join\waveform_celltype_join.pdf,tf_glm_bg046,stem-in-source,scripts/tf_responsiveness/state_conditioned/hardening_continuum.py
FIGURES\tf_glm_bg046\waveform_celltype_join\waveform_celltype_join.png,tf_glm_bg046,stem-in-source,scripts/tf_responsiveness/state_conditioned/hardening_continuum.py
FIGURES\tf_glm_bg046\width_continuum_summary\width_continuum_summary.pdf,tf_glm_bg046,stem-in-source,scripts/tf_responsiveness/state_conditioned/exemplar_kernels_continuum.py
FIGURES\tf_glm_bg046\width_continuum_summary\width_continuum_summary.png,tf_glm_bg046,stem-in-source,scripts/tf_responsiveness/state_conditioned/exemplar_kernels_continuum.py
FIGURES\tf_glm_bg046\width_vs_waveform\width_vs_waveform.pdf,tf_glm_bg046,stem-in-source,scripts/tf_responsiveness/state_conditioned/width_vs_waveform.py
FIGURES\tf_glm_bg046\width_vs_waveform\width_vs_waveform.png,tf_glm_bg046,stem-in-source,scripts/tf_responsiveness/state_conditioned/width_vs_waveform.py
FIGURES\tracking_consensus\BG_046\behavior\behavior_um1508_dant937.png,tracking_consensus,untraceable,
FIGURES\tracking_consensus\BG_046\behavior\behavior_um349_dant260.png,tracking_consensus,untraceable,
FIGURES\tracking_consensus\BG_046\candidates\consensus_um776_dant865.png,tracking_consensus,untraceable,
FIGURES\tracking_consensus\BG_046\candidates\consensus_um827_dant301.png,tracking_consensus,untraceable,
FIGURES\tracking_consensus\BG_046\cohort_summary.png,tracking_consensus,stem-in-source,scripts/tracking_consensus/render_behavior_figures.py
FIGURES\tracking_dant\BG_012\dant_output\Shank3\Figures\SimilarityDistribution.png,tracking_dant,untraceable,
FIGURES\tracking_dant\BG_031\curation\sheets\trusted_uid140_span4.pdf,tracking_dant,untraceable,
FIGURES\tracking_dant\BG_031\curation\sheets\trusted_uid767_span3.pdf,tracking_dant,untraceable,
FIGURES\tracking_dant\BG_031\curation\sheets\trusted_uid768_span8.pdf,tracking_dant,untraceable,
FIGURES\tracking_dant\BG_046\dant_output_pilot\Shank0\Figures\MatchedProbability.png,tracking_dant,untraceable,
FIGURES\tracking_qc\BG_031\curation\sheets\trusted_uid1095_span6.pdf,tracking_qc,untraceable,
FIGURES\tracking_qc\BG_046\per_uid_sheets\uid_0874.pdf,tracking_qc,untraceable,
FIGURES\tracking_qc\BG_049\curation\sheets\review_uid8_span2.pdf,tracking_qc,untraceable,
FIGURES\tracking_qc\curation\sheets\review_uid655_span16.pdf,tracking_qc,untraceable,
FIGURES\tracking_qc\curation\sheets\review_uid868_span5.pdf,tracking_qc,untraceable,
FIGURES\tracking_showcase\best_per_mouse.pdf,tracking_showcase,stem-in-source,scripts/tracking_showcase/README.md
FIGURES\tracking_showcase\best_per_mouse.png,tracking_showcase,stem-in-source,scripts/tracking_showcase/README.md
